date,open,high,low,close,volume,adjclose
2013-01-02,34.919998168945305,35.400001525878906,34.09999847412109,35.11999893188477,13767900,25.368492126464844
2013-01-03,35.0,35.0,34.15999984741211,34.830001831054695,16739300,25.159013748168945
2013-01-04,34.61999893188477,34.889999389648445,34.25,34.389999389648445,21372100,24.84118843078613
2013-01-07,34.150001525878906,35.45000076293945,34.150001525878906,34.459999084472656,17897100,24.89175033569336
2013-01-08,34.290000915527344,34.639999389648445,33.360000610351555,33.709999084472656,17863300,24.35000228881836
2013-01-09,33.610000610351555,33.950000762939446,33.610000610351555,33.900001525878906,18800400,24.48724365234375
2013-01-10,33.65999984741211,34.0,33.330001831054695,34.0,15658100,24.55948257446289
2013-01-11,33.59000015258789,33.900001525878906,33.34999847412109,33.84999847412109,11191500,24.742210388183594
2013-01-14,34.009998321533196,34.25,33.799999237060554,34.09000015258789,11584900,24.91764068603516
2013-01-15,33.709999084472656,34.720001220703125,33.709999084472656,34.59999847412109,13040200,25.290416717529297
2013-01-16,34.470001220703125,35.540000915527344,34.450000762939446,35.540000915527344,16512700,25.977495193481445
2013-01-17,35.75,36.70000076293945,35.75,36.41999816894531,14424800,26.62071418762207
2013-01-18,36.43000030517578,37.31999969482422,36.040000915527344,37.31999969482422,17842200,27.27856254577637
2013-01-22,36.97999954223633,37.25,35.93000030517578,36.41999816894531,15809700,26.62071418762207
2013-01-23,36.90999984741211,37.84000015258789,36.5,37.79999923706055,10981600,27.6294059753418
2013-01-24,37.790000915527344,38.52000045776367,37.22999954223633,37.459999084472656,11327100,27.380897521972656
2013-01-25,37.52000045776367,37.84000015258789,36.63999938964844,37.599998474121094,8934600,27.48321914672852
2013-01-28,37.650001525878906,37.86999893188477,36.709999084472656,36.88999938964844,7140100,26.964263916015625
2013-01-29,36.709999084472656,37.459999084472656,36.25,37.310001373291016,8838500,27.27126121520996
2013-01-30,36.810001373291016,37.52999877929688,36.810001373291016,36.93000030517578,10841800,26.99349594116211
2013-01-31,36.84000015258789,36.93000030517578,36.27000045776367,36.68999862670898,10720700,26.81806945800781
2013-02-01,36.84000015258789,37.20000076293945,36.52000045776367,37.18000030517578,9527500,27.176233291625977
2013-02-04,36.63999938964844,37.29999923706055,36.54999923706055,37.27999877929688,6348000,27.24932289123535
2013-02-05,37.41999816894531,37.72999954223633,37.18000030517578,37.20000076293945,7284400,27.190847396850586
2013-02-06,36.959999084472656,37.27999877929688,36.86000061035156,37.13999938964844,5738900,27.14699363708496
2013-02-07,37.56999969482422,37.56999969482422,35.79999923706055,36.41999816894531,9872500,26.62071418762207
2013-02-08,36.36999893188477,36.41999816894531,35.83000183105469,36.25,13858700,26.496456146240234
2013-02-11,36.13000106811523,36.18000030517578,35.75,35.849998474121094,6032100,26.204086303710927
2013-02-12,35.77000045776367,35.900001525878906,35.20000076293945,35.41999816894531,7473800,25.88977813720703
2013-02-13,35.41999816894531,35.56999969482422,35.150001525878906,35.27000045776367,4859800,25.780139923095703
2013-02-14,35.049999237060554,36.72999954223633,35.009998321533196,36.56999969482422,7570100,26.73036003112793
2013-02-15,36.93000030517578,37.810001373291016,36.93000030517578,37.58000183105469,13296300,27.468603134155273
2013-02-19,37.540000915527344,38.33000183105469,37.11000061035156,38.18999862670898,8292700,27.91447448730469
2013-02-20,38.15999984741211,39.13000106811523,37.61000061035156,38.61000061035156,8096400,28.22146987915039
2013-02-21,38.4900016784668,39.02999877929688,38.18999862670898,38.77999877929688,7260900,28.34573745727539
2013-02-22,38.790000915527344,38.849998474121094,38.13999938964844,38.459999084472656,4490400,28.1118278503418
2013-02-25,38.540000915527344,38.61000061035156,37.36999893188477,37.36999893188477,4665600,27.31510925292969
2013-02-26,37.599998474121094,37.599998474121094,36.959999084472656,37.09000015258789,4463000,27.11044311523437
2013-02-27,36.97000122070313,36.97999954223633,36.400001525878906,36.72999954223633,12238400,26.847307205200195
2013-02-28,36.65999984741211,37.13999938964844,36.5,36.91999816894531,10321000,26.986188888549805
2013-03-01,36.79999923706055,38.06999969482422,36.54999923706055,37.810001373291016,8929400,27.63671875
2013-03-04,37.52999877929688,38.25,37.52999877929688,38.2400016784668,5420800,27.95102882385254
2013-03-05,38.45000076293945,38.56999969482422,37.290000915527344,37.5099983215332,6650400,27.41744041442871
2013-03-06,37.560001373291016,37.86000061035156,37.36999893188477,37.7400016784668,5489500,27.585554122924805
2013-03-07,37.650001525878906,38.0099983215332,37.43999862670898,37.4900016784668,4442500,27.40281867980957
2013-03-08,37.63999938964844,37.650001525878906,37.15999984741211,37.34000015258789,4114500,27.293182373046875
2013-03-11,37.25,38.150001525878906,37.08000183105469,37.66999816894531,4614400,27.53438949584961
2013-03-12,37.70000076293945,38.29999923706055,37.04999923706055,37.16999816894531,6523900,27.16892242431641
2013-03-13,37.20000076293945,37.59000015258789,37.040000915527344,37.16999816894531,3710600,27.16892242431641
2013-03-14,37.43000030517578,37.59000015258789,36.86000061035156,37.560001373291016,9859700,27.45398330688477
2013-03-15,37.43999862670898,38.540000915527344,37.27999877929688,38.5,12208300,28.14105987548828
2013-03-18,38.04999923706055,38.4900016784668,37.9900016784668,38.15999984741211,5178700,27.89254379272461
2013-03-19,38.25,38.400001525878906,37.84000015258789,38.36000061035156,5108400,28.038738250732425
2013-03-20,38.5,39.18999862670898,38.40999984741211,39.060001373291016,7072900,28.550392150878906
2013-03-21,38.81999969482422,38.97000122070313,38.47999954223633,38.4900016784668,4736100,28.13376045227051
2013-03-22,38.56999969482422,38.97000122070313,38.29999923706055,38.97000122070313,3323400,28.484601974487305
2013-03-25,39.11999893188477,39.52000045776367,38.93000030517578,39.31999969482422,6065000,28.74043273925781
2013-03-26,39.56999969482422,40.52000045776367,39.56999969482422,40.209999084472656,7249500,29.390968322753906
2013-03-27,40.22000122070313,40.290000915527344,39.65999984741211,40.150001525878906,4274800,29.34711456298828
2013-03-28,40.2599983215332,40.79999923706055,39.77999877929688,40.77999877929688,7263400,29.80760383605957
2013-04-01,39.959999084472656,41.13999938964844,39.959999084472656,41.11999893188477,5740000,30.056121826171875
2013-04-02,41.22000122070313,41.22000122070313,40.52000045776367,40.709999084472656,5510700,29.75643920898437
2013-04-03,40.75,41.45000076293945,40.349998474121094,40.56999969482422,4122100,29.654111862182607
2013-04-04,40.77000045776367,41.77999877929688,40.61999893188477,41.599998474121094,20687600,30.406970977783203
2013-04-05,41.310001373291016,41.5,41.09000015258789,41.310001373291016,14089800,30.194997787475586
2013-04-08,41.27000045776367,41.86999893188477,41.06999969482422,41.77000045776367,16449200,30.531238555908203
2013-04-09,41.959999084472656,43.560001373291016,41.79999923706055,42.54999923706055,8673900,31.10136413574219
2013-04-10,42.650001525878906,43.77000045776367,42.5,43.61999893188477,7809200,31.883474349975586
2013-04-11,43.41999816894531,43.709999084472656,43.11000061035156,43.20000076293945,6494100,31.868711471557607
2013-04-12,42.97000122070313,43.290000915527344,42.61999893188477,43.09000015258789,4199800,31.78756332397461
2013-04-15,42.86999893188477,43.02999877929688,41.40999984741211,41.43999862670898,7152500,30.57035827636719
2013-04-16,41.66999816894531,42.52999877929688,41.13000106811523,42.45000076293945,6998000,31.31543731689453
2013-04-17,42.13999938964844,42.43000030517578,41.41999816894531,42.2400016784668,5046200,31.16051483154297
2013-04-18,42.36999893188477,42.63999938964844,41.88999938964844,42.31999969482422,5009000,31.21953582763672
2013-04-19,42.5099983215332,42.58000183105469,42.20000076293945,42.38999938964844,6493200,31.27117729187012
2013-04-22,43.0,44.83000183105469,42.88000106811523,44.20000076293945,8531300,32.606407165527344
2013-04-23,44.61000061035156,46.31999969482422,44.400001525878906,45.13999938964844,9378100,33.299854278564446
2013-04-24,45.13999938964844,45.34000015258789,43.93999862670898,44.31999969482422,5541300,32.694931030273445
2013-04-25,44.75,44.790000915527344,43.7599983215332,44.2400016784668,5236900,32.63591766357422
2013-04-26,44.95000076293945,46.31000137329102,44.75,45.84000015258789,10096800,33.816238403320305
2013-04-29,45.83000183105469,45.93000030517578,45.04999923706055,45.22999954223633,6024700,33.366241455078125
2013-04-30,45.04999923706055,46.22999954223633,45.0099983215332,46.04999923706055,6798600,33.971153259277344
2013-05-01,45.7400016784668,46.09000015258789,45.54999923706055,45.54999923706055,6398100,33.602310180664055
2013-05-02,45.68000030517578,45.68000030517578,43.86000061035156,43.9900016784668,9649400,32.451499938964844
2013-05-03,44.310001373291016,44.77000045776367,43.83000183105469,44.68000030517578,4641200,32.960506439208984
2013-05-06,44.95000076293945,44.95000076293945,44.150001525878906,44.59000015258789,4085700,32.894115447998054
2013-05-07,44.5,45.0,44.41999816894531,44.90999984741211,3745600,33.130172729492195
2013-05-08,45.0099983215332,45.04999923706055,43.38999938964844,43.4900016784668,6973200,32.08264541625977
2013-05-09,43.34000015258789,44.45000076293945,43.25,44.2400016784668,5046900,32.63591766357422
2013-05-10,44.209999084472656,45.0099983215332,44.20000076293945,45.0099983215332,4455800,33.203941345214844
2013-05-13,44.790000915527344,44.790000915527344,44.16999816894531,44.540000915527344,3738400,32.857227325439446
2013-05-14,44.09000015258789,45.52000045776367,44.09000015258789,45.349998474121094,5760300,33.454757690429695
2013-05-15,45.72000122070313,46.93000030517578,45.47999954223633,46.02999877929688,6702500,33.956409454345696
2013-05-16,46.06000137329102,46.9000015258789,46.0099983215332,46.209999084472656,4605300,34.08919906616211
2013-05-17,46.02999877929688,47.34000015258789,45.849998474121094,47.16999816894531,5244800,34.79738235473633
2013-05-20,47.11999893188477,47.13999938964844,46.06999969482422,46.2599983215332,3537800,34.126075744628906
2013-05-21,46.18999862670898,46.959999084472656,46.16999816894531,46.540000915527344,4708800,34.332637786865234
2013-05-22,46.459999084472656,48.0,45.849998474121094,46.7599983215332,5203500,34.494922637939446
2013-05-23,46.11999893188477,46.95000076293945,46.02000045776367,46.59000015258789,3306200,34.369518280029304
2013-05-24,46.25,46.47999954223633,45.31000137329102,45.43999862670898,4511700,33.52116012573242
2013-05-28,45.88999938964844,46.040000915527344,44.70000076293945,45.38999938964844,6181800,33.48427963256836
2013-05-29,44.88999938964844,45.18000030517578,43.790000915527344,43.88000106811523,6908400,32.37034225463867
2013-05-30,44.06999969482422,45.11999893188477,44.06999969482422,44.54999923706055,4852200,32.864601135253906
2013-05-31,44.27000045776367,44.68999862670898,42.68000030517578,42.68999862670898,9308800,31.492490768432607
2013-06-03,42.88000106811523,43.58000183105469,42.75,43.36000061035156,7176800,31.986745834350586
2013-06-04,43.41999816894531,44.47000122070313,43.38000106811523,43.63000106811523,4528400,32.18592071533203
2013-06-05,43.4900016784668,43.900001525878906,42.68999862670898,43.040000915527344,4801300,31.75068283081055
2013-06-06,43.22000122070313,43.56999969482422,42.650001525878906,43.5,4261300,32.090023040771484
2013-06-07,43.72000122070313,44.27000045776367,43.5,44.0,5463200,32.4588623046875
2013-06-10,44.33000183105469,44.33000183105469,43.22000122070313,43.91999816894531,4702700,32.399852752685554
2013-06-11,43.310001373291016,44.04999923706055,43.04999923706055,43.59000015258789,3574800,32.156417846679695
2013-06-12,43.90999984741211,44.0,42.72000122070313,42.77000045776367,3742600,31.5515079498291
2013-06-13,42.41999816894531,43.20000076293945,40.099998474121094,43.150001525878906,6096500,31.83182716369629
2013-06-14,42.97999954223633,43.5,42.5,43.209999084472656,4078500,31.87608337402344
2013-06-17,43.400001525878906,43.5,42.68000030517578,43.0099983215332,3457700,31.728546142578125
2013-06-18,42.97000122070313,43.560001373291016,42.63000106811523,43.540000915527344,3644900,32.119537353515625
2013-06-19,43.560001373291016,43.83000183105469,43.0099983215332,43.040000915527344,3663300,31.75068283081055
2013-06-20,42.650001525878906,42.77999877929688,40.90999984741211,41.060001373291016,7474900,30.290027618408203
2013-06-21,41.65999984741211,42.709999084472656,41.20000076293945,42.61999893188477,9825700,31.440847396850586
2013-06-24,42.06999969482422,42.400001525878906,41.31999969482422,41.88999938964844,6042400,30.902328491210927
2013-06-25,42.150001525878906,42.77000045776367,41.61000061035156,42.63000106811523,4686900,31.448226928710927
2013-06-26,43.099998474121094,43.61000061035156,43.02999877929688,43.38000106811523,4733700,32.001495361328125
2013-06-27,43.560001373291016,43.97999954223633,42.7400016784668,43.13000106811523,5163900,31.81707191467285
2013-06-28,42.52999877929688,42.97000122070313,41.31999969482422,41.34000015258789,10753100,30.4965934753418
2013-07-01,41.400001525878906,41.93000030517578,41.06999969482422,41.61000061035156,4588200,30.69576835632324
2013-07-02,41.58000183105469,42.56999969482422,41.58000183105469,42.209999084472656,4365900,31.13838195800781
2013-07-03,41.88000106811523,42.310001373291016,41.61000061035156,42.22999954223633,2417500,31.153133392333984
2013-07-05,42.45000076293945,42.83000183105469,42.310001373291016,42.72000122070313,2743700,31.51462554931641
2013-07-08,42.900001525878906,43.68999862670898,42.81999969482422,43.68000030517578,3978300,32.22281265258789
2013-07-09,44.0,44.22999954223633,43.25,43.31999969482422,3805700,31.957231521606445
2013-07-10,43.36000061035156,44.11999893188477,43.36000061035156,43.90999984741211,3080100,32.39247894287109
2013-07-11,43.93999862670898,44.11000061035156,43.33000183105469,43.77999877929688,4061400,32.593490600585945
2013-07-12,43.93000030517578,45.11000061035156,43.79999923706055,45.04999923706055,5693900,33.53900146484375
2013-07-15,44.95000076293945,44.97000122070313,44.540000915527344,44.61999893188477,3265800,33.218856811523445
2013-07-16,44.540000915527344,44.77000045776367,43.70000076293945,43.810001373291016,3714500,32.61581802368164
2013-07-17,43.97000122070313,44.150001525878906,43.7400016784668,43.959999084472656,3645400,32.72749710083008
2013-07-18,43.959999084472656,44.560001373291016,43.810001373291016,44.31999969482422,3043700,32.99552154541016
2013-07-19,44.4900016784668,44.90999984741211,44.11999893188477,44.52000045776367,4317900,33.14441299438477
2013-07-22,44.29999923706055,45.099998474121094,43.79999923706055,44.97000122070313,3810500,33.479427337646484
2013-07-23,44.91999816894531,45.09000015258789,44.22999954223633,44.310001373291016,3535100,32.988067626953125
2013-07-24,44.27999877929688,44.36999893188477,43.38999938964844,43.63999938964844,3088100,32.489261627197266
2013-07-25,43.40999984741211,44.43000030517578,43.349998474121094,44.2400016784668,4088500,32.935962677001946
2013-07-26,45.0099983215332,45.11999893188477,44.16999816894531,44.790000915527344,4491100,33.34541702270508
2013-07-29,44.72000122070313,45.45000076293945,44.47000122070313,45.06000137329102,4326200,33.54642868041992
2013-07-30,45.08000183105469,45.22999954223633,44.20000076293945,44.70000076293945,3619700,33.27841567993164
2013-07-31,44.84000015258789,45.90999984741211,44.810001373291016,45.47999954223633,6020600,33.85910797119141
2013-08-01,45.13999938964844,45.9000015258789,45.040000915527344,45.25,3652400,33.687877655029304
2013-08-02,45.11000061035156,45.41999816894531,44.810001373291016,45.31999969482422,3190700,33.739990234375
2013-08-05,45.04999923706055,45.36999893188477,44.47999954223633,44.709999084472656,2953500,33.285850524902344
2013-08-06,44.41999816894531,44.9900016784668,44.41999816894531,44.88000106811523,4980600,33.412425994873054
2013-08-07,44.70000076293945,44.86000061035156,44.22000122070313,44.56999969482422,3299400,33.18163681030273
2013-08-08,44.86000061035156,45.18000030517578,44.61000061035156,45.06000137329102,2892400,33.54642868041992
2013-08-09,44.900001525878906,45.0,44.47000122070313,44.709999084472656,3290800,33.285850524902344
2013-08-12,44.709999084472656,45.20000076293945,44.38999938964844,45.040000915527344,3826400,33.531539916992195
2013-08-13,45.11999893188477,45.18000030517578,44.68000030517578,44.93000030517578,2791800,33.44963836669922
2013-08-14,44.849998474121094,45.22999954223633,44.45000076293945,44.58000183105469,2990500,33.189071655273445
2013-08-15,44.599998474121094,44.61999893188477,43.13000106811523,43.209999084472656,4363100,32.16912078857422
2013-08-16,42.93999862670898,43.13999938964844,42.41999816894531,43.0,6093300,32.01278686523437
2013-08-19,43.0099983215332,43.810001373291016,42.95000076293945,43.36999893188477,3326900,32.28824996948242
2013-08-20,43.290000915527344,43.47999954223633,42.849998474121094,42.97000122070313,2803000,31.99046516418457
2013-08-21,42.81999969482422,42.88000106811523,42.25,42.310001373291016,4118800,31.49909019470215
2013-08-22,42.400001525878906,43.099998474121094,42.290000915527344,42.91999816894531,4077700,31.95323181152344
2013-08-23,43.0099983215332,43.5,42.849998474121094,43.43000030517578,2738100,32.33292007446289
2013-08-26,43.43000030517578,43.7400016784668,43.18999862670898,43.45000076293945,3493400,32.34780502319336
2013-08-27,43.02000045776367,43.09000015258789,42.599998474121094,42.63000106811523,4473000,31.73733901977539
2013-08-28,42.52999877929688,42.810001373291016,42.349998474121094,42.560001373291016,3009700,31.685211181640625
2013-08-29,42.31999969482422,43.09000015258789,42.2599983215332,42.61999893188477,2788900,31.72989654541016
2013-08-30,42.7599983215332,43.02999877929688,42.29999923706055,42.61000061035156,3170700,31.72244644165039
2013-09-03,43.0,43.27999877929688,42.310001373291016,42.59000015258789,2925600,31.70755195617676
2013-09-04,42.599998474121094,43.13999938964844,42.59000015258789,43.13000106811523,3190700,32.109573364257805
2013-09-05,43.02999877929688,43.65999984741211,43.0,43.5099983215332,3355500,32.39247894287109
2013-09-06,43.52999877929688,44.349998474121094,42.88999938964844,43.88999938964844,3992200,32.675392150878906
2013-09-09,43.88000106811523,44.43999862670898,43.5,44.43000030517578,3287500,33.077404022216804
2013-09-10,44.58000183105469,44.810001373291016,44.099998474121094,44.77999877929688,4282300,33.33797073364258
2013-09-11,44.810001373291016,44.97000122070313,44.38999938964844,44.95000076293945,3441700,33.464550018310554
2013-09-12,44.84000015258789,44.95000076293945,44.5,44.70000076293945,2597900,33.27841567993164
2013-09-13,44.709999084472656,44.88999938964844,44.43000030517578,44.88999938964844,2273500,33.419864654541016
2013-09-16,45.31999969482422,45.95000076293945,45.18999862670898,45.81999969482422,3531700,34.11223602294922
2013-09-17,45.91999816894531,47.70000076293945,45.86000061035156,47.599998474121094,7293800,35.437416076660156
2013-09-18,47.18999862670898,48.41999816894531,46.88000106811523,47.91999816894531,6689400,35.67564392089844
2013-09-19,48.209999084472656,48.22999954223633,47.31000137329102,47.4000015258789,5326500,35.28852844238281
2013-09-20,47.43999862670898,48.0,47.33000183105469,47.84000015258789,10495300,35.6161003112793
2013-09-23,47.56000137329102,47.56000137329102,46.93000030517578,47.099998474121094,3179500,35.065170288085945
2013-09-24,46.95000076293945,46.95000076293945,45.93999862670898,45.97999954223633,7162700,34.23136138916016
2013-09-25,46.09000015258789,46.15999984741211,45.02000045776367,45.33000183105469,4571900,33.74744415283203
2013-09-26,45.33000183105469,45.61999893188477,44.810001373291016,45.0,5033900,33.501758575439446
2013-09-27,44.86999893188477,44.900001525878906,44.02000045776367,44.33000183105469,6617300,33.00294876098633
2013-09-30,44.52000045776367,44.95000076293945,44.02999877929688,44.72999954223633,5818400,33.300750732421875
2013-10-01,44.810001373291016,45.9000015258789,44.810001373291016,45.79999923706055,4159700,34.097347259521484
2013-10-02,45.34000015258789,45.97000122070313,45.11999893188477,45.95000076293945,4056800,34.209014892578125
2013-10-03,45.599998474121094,46.34000015258789,45.099998474121094,46.0099983215332,7020800,34.253692626953125
2013-10-04,46.18000030517578,46.88000106811523,46.0,46.79999923706055,4141400,34.84182357788086
2013-10-07,46.11999893188477,46.97999954223633,46.09000015258789,46.09000015258789,4703700,34.31325149536133
2013-10-08,46.290000915527344,46.31999969482422,44.38999938964844,44.52000045776367,7091500,33.14441299438477
2013-10-09,44.72000122070313,45.31000137329102,44.31999969482422,44.810001373291016,5113000,33.36030960083008
2013-10-10,45.099998474121094,45.68000030517578,44.5099983215332,45.68000030517578,3967500,34.31432342529297
2013-10-11,45.70000076293945,45.70000076293945,44.959999084472656,45.6500015258789,2985700,34.291786193847656
2013-10-14,45.209999084472656,46.45000076293945,45.06999969482422,46.33000183105469,3377300,34.80259323120117
2013-10-15,46.04999923706055,46.38000106811523,45.75,46.08000183105469,3533300,34.614795684814446
2013-10-16,46.31000137329102,47.27000045776367,46.20000076293945,47.06000137329102,4399900,35.35095596313477
2013-10-17,46.95000076293945,48.31999969482422,46.95000076293945,48.16999816894531,7242400,36.18478012084961
2013-10-18,48.38000106811523,48.95000076293945,47.77000045776367,48.33000183105469,9212900,36.30496597290039
2013-10-21,48.08000183105469,48.54999923706055,47.7599983215332,48.349998474121094,4713200,36.31998062133789
2013-10-22,48.38999938964844,49.31000137329102,48.11000061035156,49.0,6937500,36.80826950073242
2013-10-23,48.7599983215332,48.86000061035156,48.27999877929688,48.33000183105469,4130300,36.30496597290039
2013-10-24,48.63000106811523,48.97999954223633,47.7400016784668,47.93000030517578,5077900,36.004493713378906
2013-10-25,49.099998474121094,49.83000183105469,48.56000137329102,49.29999923706055,6956800,37.03361892700195
2013-10-28,49.13000106811523,49.97000122070313,48.97000122070313,49.41999816894531,5555000,37.12376022338867
2013-10-29,49.47999954223633,50.20000076293945,49.47999954223633,49.790000915527344,5022900,37.40170669555664
2013-10-30,49.56999969482422,49.56999969482422,48.72000122070313,48.79999923706055,4011600,36.65802001953125
2013-10-31,48.68000030517578,49.0,48.43999862670898,48.45000076293945,4563700,36.39510726928711
2013-11-01,48.63999938964844,49.33000183105469,48.5,48.959999084472656,3866900,36.77821731567383
2013-11-04,49.18999862670898,49.18999862670898,48.0,48.7599983215332,4095600,36.62797927856445
2013-11-05,48.59000015258789,48.7599983215332,48.02999877929688,48.16999816894531,4095400,36.18478012084961
2013-11-06,48.5,48.7400016784668,48.0,48.04999923706055,4308100,36.09463119506836
2013-11-07,48.16999816894531,48.36000061035156,47.18000030517578,47.2400016784668,4444900,35.48617553710937
2013-11-08,47.13000106811523,48.099998474121094,46.83000183105469,48.02999877929688,5190900,36.07960891723633
2013-11-11,48.22999954223633,48.66999816894531,48.18999862670898,48.56999969482422,2282900,36.48524475097656
2013-11-12,48.45000076293945,48.47999954223633,47.27999877929688,47.47999954223633,5351100,35.66645812988281
2013-11-13,47.36000061035156,47.93000030517578,47.290000915527344,47.849998474121094,3745100,35.944393157958984
2013-11-14,47.9900016784668,48.47000122070313,47.68999862670898,48.040000915527344,3411800,36.08712387084961
2013-11-15,48.02999877929688,48.75,48.0,48.43999862670898,6257100,36.38758850097656
2013-11-18,48.88999938964844,49.959999084472656,48.72999954223633,48.86999893188477,8585700,36.71061706542969
2013-11-19,48.72999954223633,49.0,48.36999893188477,48.459999084472656,4050700,36.402626037597656
2013-11-20,48.41999816894531,48.540000915527344,47.83000183105469,47.95000076293945,3120300,36.01951599121094
2013-11-21,48.27999877929688,48.66999816894531,47.9900016784668,48.56999969482422,4459800,36.48524475097656
2013-11-22,48.6500015258789,49.13999938964844,48.56999969482422,48.93999862670898,5810100,36.76319885253906
2013-11-25,49.0,49.27999877929688,48.31999969482422,48.40999984741211,3343200,36.36505889892578
2013-11-26,48.38000106811523,49.18000030517578,48.31000137329102,48.599998474121094,4732300,36.50779724121094
2013-11-27,48.83000183105469,48.95000076293945,48.2400016784668,48.25,3414900,36.24488067626953
2013-11-29,48.43000030517578,48.93000030517578,48.06999969482422,48.45000076293945,4044300,36.39510726928711
2013-12-02,48.4900016784668,48.68000030517578,48.02000045776367,48.38999938964844,4321900,36.35002899169922
2013-12-03,49.13000106811523,50.2599983215332,48.97000122070313,49.97000122070313,9480100,37.53691864013672
2013-12-04,49.75,50.290000915527344,49.29999923706055,49.66999816894531,5309200,37.31156539916992
2013-12-05,49.41999816894531,50.06999969482422,49.04999923706055,49.7599983215332,5449100,37.37916564941406
2013-12-06,50.16999816894531,51.5,50.04999923706055,51.349998474121094,7285800,38.573543548583984
2013-12-09,51.45000076293945,51.81000137329102,50.77000045776367,51.209999084472656,5470800,38.46839141845703
2013-12-10,51.25,54.13000106811523,50.72000122070313,52.13999938964844,14906900,39.16699981689453
2013-12-11,52.66999816894531,53.25,52.02000045776367,52.66999816894531,10775500,39.565128326416016
2013-12-12,52.56000137329102,52.61999893188477,51.79999923706055,52.38999938964844,7766400,39.35479736328125
2013-12-13,52.29999923706055,52.599998474121094,51.84000015258789,52.36999893188477,6465300,39.33977508544922
2013-12-16,53.41999816894531,54.77999877929688,52.97999954223633,53.36999893188477,9846300,40.0909538269043
2013-12-17,53.43000030517578,53.91999816894531,53.0,53.63000106811523,7987300,40.28627014160156
2013-12-18,52.77999877929688,54.43000030517578,52.22000122070313,54.31999969482422,9635600,40.8045768737793
2013-12-19,53.209999084472656,53.209999084472656,52.02000045776367,52.63000106811523,8383400,39.53508377075195
2013-12-20,52.77000045776367,53.0099983215332,52.290000915527344,52.59000015258789,12471800,39.50503158569336
2013-12-23,52.72999954223633,52.93999862670898,52.2400016784668,52.58000183105469,4957700,39.497520446777344
2013-12-24,52.77999877929688,52.790000915527344,52.27999877929688,52.36000061035156,1747000,39.33225631713867
2013-12-26,52.59000015258789,53.06000137329102,52.34000015258789,52.9900016784668,2401500,39.80550384521485
2013-12-27,52.91999816894531,53.04999923706055,52.38000106811523,52.54999923706055,2354100,39.47497940063477
2013-12-30,52.72999954223633,53.02999877929688,52.599998474121094,53.0099983215332,2898800,39.82052993774414
2013-12-31,52.9900016784668,53.06000137329102,52.36000061035156,52.81000137329102,3019700,39.6702995300293
2014-01-02,52.11999893188477,52.33000183105469,51.52000045776367,51.97999954223633,4569100,39.04681015014648
2014-01-03,52.25,52.66999816894531,51.97000122070313,52.29999923706055,4794300,39.28718948364258
2014-01-06,52.70000076293945,52.70000076293945,50.02999877929688,50.38999938964844,11871100,37.8524169921875
2014-01-07,50.84000015258789,51.209999084472656,50.29999923706055,50.4900016784668,9719900,37.92753982543945
2014-01-08,50.63000106811523,51.11000061035156,50.2400016784668,50.36000061035156,6811100,37.82988357543945
2014-01-09,50.59000015258789,51.6500015258789,49.86999893188477,51.22000122070313,6960300,38.47591400146485
2014-01-10,51.27000045776367,51.4900016784668,50.7599983215332,50.9000015258789,5517700,38.23552703857422
2014-01-13,50.65999984741211,50.7400016784668,49.63999938964844,49.83000183105469,7055200,37.72824478149414
2014-01-14,49.93999862670898,50.88000106811523,49.63000106811523,50.599998474121094,6610800,38.31122970581055
2014-01-15,50.6500015258789,50.66999816894531,50.06999969482422,50.11000061035156,4728400,37.940242767333984
2014-01-16,50.099998474121094,50.61999893188477,50.02000045776367,50.5,4972300,38.23553085327149
2014-01-17,50.63999938964844,50.65999984741211,50.0099983215332,50.06000137329102,8606800,37.90238571166992
2014-01-21,50.2599983215332,50.91999816894531,49.90999984741211,50.0,5823000,37.85696411132813
2014-01-22,49.97999954223633,50.0,48.61999893188477,49.08000183105469,8181700,37.16038513183594
2014-01-23,48.7400016784668,49.06000137329102,48.38999938964844,48.86999893188477,7270500,37.00139999389648
2014-01-24,48.41999816894531,49.099998474121094,47.77000045776367,47.790000915527344,9197900,36.183677673339844
2014-01-27,47.790000915527344,47.83000183105469,46.41999816894531,46.83000183105469,10749800,35.456825256347656
2014-01-28,47.08000183105469,48.47000122070313,47.08000183105469,47.68999862670898,12298600,36.10795593261719
2014-01-29,47.1500015258789,47.84000015258789,46.97999954223633,47.61000061035156,7608500,36.04739761352539
2014-01-30,47.97000122070313,48.88000106811523,47.9000015258789,48.31000137329102,7669500,36.57738876342773
2014-01-31,49.93999862670898,50.54999923706055,49.06999969482422,49.22999954223633,12863500,37.273963928222656
2014-02-03,49.4000015258789,49.4900016784668,47.06000137329102,47.349998474121094,10314600,35.85053253173828
2014-02-04,47.18000030517578,47.97000122070313,46.95000076293945,47.95000076293945,9606100,36.30481719970703
2014-02-05,47.7599983215332,48.06999969482422,47.15999984741211,47.72999954223633,6987100,36.13824844360352
2014-02-06,47.88999938964844,48.18000030517578,47.45000076293945,47.93000030517578,4957800,36.28967666625977
2014-02-07,48.0,49.02999877929688,47.65999984741211,48.88999938964844,6979500,37.01653671264648
2014-02-10,48.75,50.18999862670898,48.72000122070313,49.54999923706055,7907500,37.5162467956543
2014-02-11,49.40999984741211,49.97000122070313,49.040000915527344,49.65999984741211,7217600,37.599525451660156
2014-02-12,49.63000106811523,50.93000030517578,49.59000015258789,50.56000137329102,6534500,38.28095626831055
2014-02-13,50.29999923706055,50.52000045776367,49.88000106811523,50.349998474121094,4946000,38.1219482421875
2014-02-14,50.56000137329102,50.90999984741211,50.16999816894531,50.72999954223633,4118700,38.40967178344727
2014-02-18,50.63999938964844,51.56000137329102,50.56000137329102,51.459999084472656,4984900,38.96237564086914
2014-02-19,51.16999816894531,51.86000061035156,50.63999938964844,51.18999862670898,5242800,38.75795364379883
2014-02-20,51.18999862670898,52.11000061035156,50.72999954223633,51.86000061035156,6078900,39.265235900878906
2014-02-21,51.81999969482422,51.97000122070313,51.0099983215332,51.040000915527344,5842700,38.64438247680664
2014-02-24,51.0099983215332,51.56000137329102,50.83000183105469,50.849998474121094,5693000,38.50051879882813
2014-02-25,50.93000030517578,51.13000106811523,50.5,50.72000122070313,5425000,38.40209579467773
2014-02-26,49.95000076293945,50.97000122070313,49.93000030517578,50.7400016784668,5710700,38.417240142822266
2014-02-27,50.599998474121094,50.91999816894531,50.47000122070313,50.90999984741211,5052900,38.54595565795898
2014-02-28,50.84000015258789,51.959999084472656,50.5099983215332,50.90999984741211,7095600,38.54595565795898
2014-03-03,50.34000015258789,50.86000061035156,49.790000915527344,50.09000015258789,6817700,37.925086975097656
2014-03-04,50.72999954223633,51.72999954223633,50.52999877929688,51.59000015258789,6198000,39.0608024597168
2014-03-05,51.68000030517578,52.11999893188477,51.29999923706055,51.70000076293945,5251100,39.14409637451172
2014-03-06,52.040000915527344,52.77000045776367,51.97000122070313,52.040000915527344,6529000,39.40151596069336
2014-03-07,52.25,52.5,51.0099983215332,51.459999084472656,5860700,38.96237564086914
2014-03-10,51.9000015258789,51.9000015258789,50.86000061035156,51.65999984741211,3086000,39.11380386352539
2014-03-11,51.68000030517578,52.13999938964844,51.5,51.75,3629800,39.18195724487305
2014-03-12,51.459999084472656,51.7400016784668,51.06999969482422,51.63999938964844,3924800,39.09866333007813
2014-03-13,51.88999938964844,52.099998474121094,51.13999938964844,51.31999969482422,4839400,38.85637283325195
2014-03-14,51.25,51.41999816894531,50.79999923706055,51.209999084472656,5466700,38.77309036254883
2014-03-17,51.47000122070313,52.18999862670898,51.2599983215332,51.97999954223633,3875500,39.35608673095703
2014-03-18,52.08000183105469,53.22000122070313,51.97000122070313,53.099998474121094,4712300,40.2041015625
2014-03-19,53.09000015258789,53.52999877929688,52.43999862670898,53.11000061035156,6408600,40.21166229248047
2014-03-20,52.86000061035156,53.79999923706055,52.52000045776367,53.68000030517578,6922700,40.64323043823242
2014-03-21,54.22000122070313,54.72999954223633,53.09000015258789,53.459999084472656,12930500,40.476661682128906
2014-03-24,53.52999877929688,53.61999893188477,51.349998474121094,51.36000061035156,10161400,38.88666534423828
2014-03-25,51.68000030517578,52.099998474121094,51.5,51.68999862670898,6127200,39.13651657104492
2014-03-26,52.0,52.34000015258789,51.459999084472656,51.5,5684900,38.99266815185547
2014-03-27,51.52999877929688,51.84000015258789,51.43000030517578,51.65999984741211,4778000,39.11380386352539
2014-03-28,51.83000183105469,52.13000106811523,50.88999938964844,50.97999954223633,4208300,38.59895324707031
2014-03-31,51.34000015258789,51.70000076293945,50.95000076293945,51.4000015258789,4813100,38.91694641113281
2014-04-01,51.61999893188477,52.38000106811523,51.540000915527344,52.099998474121094,4250800,39.44694519042969
2014-04-02,52.099998474121094,53.40999984741211,51.9900016784668,53.34000015258789,6007200,40.38579559326172
2014-04-03,53.349998474121094,53.83000183105469,53.209999084472656,53.5,6841400,40.50693893432617
2014-04-04,53.77999877929688,54.43999862670898,52.04999923706055,52.20000076293945,7013200,39.52266311645508
2014-04-07,51.68000030517578,52.31000137329102,49.6500015258789,50.61999893188477,9146600,38.326377868652344
2014-04-08,50.349998474121094,50.86999893188477,48.93000030517578,49.099998474121094,8246900,37.17552947998047
2014-04-09,49.4900016784668,50.7599983215332,49.2599983215332,50.63000106811523,6018200,38.33395004272461
2014-04-10,50.08000183105469,50.27000045776367,47.290000915527344,47.349998474121094,13177200,35.85053253173828
2014-04-11,46.58000183105469,47.209999084472656,45.5,46.459999084472656,11465800,35.49150085449219
2014-04-14,47.099998474121094,47.5,46.209999084472656,46.83000183105469,7290800,35.77414321899414
2014-04-15,47.41999816894531,48.09000015258789,46.7599983215332,47.86000061035156,9531100,36.56097412109375
2014-04-16,48.58000183105469,48.84000015258789,47.61999893188477,48.11999893188477,7151000,36.75959777832031
2014-04-17,47.91999816894531,48.77999877929688,47.72000122070313,48.54999923706055,6196800,37.08807373046875
2014-04-21,48.5,49.45000076293945,48.4000015258789,49.43000030517578,4445000,37.76031875610352
2014-04-22,49.4900016784668,50.41999816894531,49.349998474121094,50.0099983215332,6613200,38.203392028808594
2014-04-23,50.13999938964844,50.2599983215332,49.38999938964844,50.13999938964844,6578300,38.30270004272461
2014-04-24,50.13000106811523,50.13000106811523,49.0,49.31999969482422,6628800,37.6762924194336
2014-04-25,50.209999084472656,50.97999954223633,48.95000076293945,49.13999938964844,7289100,37.53878784179688
2014-04-28,49.54999923706055,50.91999816894531,49.5,50.86999893188477,7932200,38.86035919189453
2014-04-29,50.93999862670898,51.52999877929688,50.7599983215332,51.36999893188477,5601300,39.24231719970703
2014-04-30,51.38000106811523,52.16999816894531,51.0,52.08000183105469,7430600,39.78469467163086
2014-05-01,51.88999938964844,52.099998474121094,51.40999984741211,51.61000061035156,4279800,39.42565155029297
2014-05-02,51.40999984741211,51.72000122070313,51.0,51.18000030517578,3341300,39.09717178344727
2014-05-05,50.9900016784668,51.36999893188477,50.31000137329102,51.36000061035156,2580300,39.23467254638672
2014-05-06,51.20000076293945,51.29999923706055,50.83000183105469,50.90999984741211,3353200,38.890926361083984
2014-05-07,52.38000106811523,52.86999893188477,51.27000045776367,52.790000915527344,7022600,40.32707977294922
2014-05-08,52.68999862670898,53.09000015258789,51.959999084472656,52.1500015258789,4092100,39.838172912597656
2014-05-09,52.06999969482422,52.349998474121094,51.08000183105469,52.2599983215332,5012500,39.92220687866211
2014-05-12,52.36000061035156,52.56000137329102,52.22000122070313,52.36999893188477,3626400,40.00624465942383
2014-05-13,52.45000076293945,52.5,51.91999816894531,52.20000076293945,4145200,39.876373291015625
2014-05-14,52.22999954223633,53.0,52.08000183105469,52.86999893188477,4878400,40.38818740844727
2014-05-15,52.959999084472656,53.06999969482422,52.41999816894531,52.68999862670898,6963800,40.25068283081055
2014-05-16,52.6500015258789,52.97000122070313,52.40999984741211,52.93000030517578,5826200,40.43401718139648
2014-05-19,52.84000015258789,54.209999084472656,52.709999084472656,54.11000061035156,6010500,41.33545684814453
2014-05-20,53.86000061035156,53.93000030517578,53.31000137329102,53.540000915527344,5021200,40.90000915527344
2014-05-21,53.5,53.84000015258789,53.099998474121094,53.27000045776367,4088000,40.693756103515625
2014-05-22,53.290000915527344,54.34000015258789,52.93999862670898,53.63000106811523,4486400,40.96876525878906
2014-05-23,53.93999862670898,54.38000106811523,53.84000015258789,53.95000076293945,3023500,41.21321487426758
2014-05-27,54.20000076293945,54.20000076293945,53.77999877929688,53.9900016784668,3816300,41.2437744140625
2014-05-28,53.959999084472656,54.61000061035156,53.81999969482422,54.06999969482422,4108300,41.304893493652344
2014-05-29,54.099998474121094,54.45000076293945,53.75,54.02999877929688,2768600,41.27433395385742
2014-05-30,53.97999954223633,54.43000030517578,53.88999938964844,54.33000183105469,4025600,41.503509521484375
2014-06-02,54.43000030517578,54.95000076293945,53.90999984741211,54.1500015258789,3635000,41.36600112915039
2014-06-03,54.06000137329102,54.47000122070313,53.86999893188477,54.36999893188477,3078000,41.53407287597656
2014-06-04,53.91999816894531,54.63999938964844,53.66999816894531,54.58000183105469,3388200,41.694480895996094
2014-06-05,54.54999923706055,55.31999969482422,54.36000061035156,55.29999923706055,4847300,42.2445068359375
2014-06-06,55.31999969482422,55.4000015258789,54.88999938964844,55.099998474121094,3449800,42.09172439575195
2014-06-09,54.41999816894531,54.88000106811523,53.72000122070313,53.84000015258789,6297500,41.12919616699219
2014-06-10,53.13999938964844,54.08000183105469,52.290000915527344,53.97000122070313,8414700,41.22850036621094
2014-06-11,53.849998474121094,54.70000076293945,53.75,54.22999954223633,5386800,41.42711639404297
2014-06-12,54.22000122070313,54.25,53.459999084472656,53.65999984741211,3941600,40.99168395996094
2014-06-13,53.66999816894531,54.31000137329102,53.43999862670898,54.15999984741211,4413000,41.3736457824707
2014-06-16,54.18000030517578,54.31000137329102,53.45000076293945,54.0,4410400,41.25141906738281
2014-06-17,54.4900016784668,54.540000915527344,53.849998474121094,54.29999923706055,3385000,41.48058319091797
2014-06-18,54.27000045776367,54.61000061035156,54.0,54.56999969482422,3337300,41.68684768676758
2014-06-19,54.13999938964844,54.81000137329102,53.91999816894531,54.18999862670898,3952800,41.39656448364258
2014-06-20,55.61999893188477,55.61999893188477,53.15999984741211,53.29999923706055,13457700,40.7166748046875
2014-06-23,53.7599983215332,54.4000015258789,53.540000915527344,53.75,6235600,41.06042861938477
2014-06-24,53.7400016784668,53.95000076293945,53.43000030517578,53.59000015258789,5483500,40.938209533691406
2014-06-25,53.52000045776367,55.790000915527344,53.4000015258789,55.0,11085100,42.01531982421875
2014-06-26,55.06999969482422,56.540000915527344,54.97000122070313,56.5099983215332,10716400,43.16883850097656
2014-06-27,56.58000183105469,56.9000015258789,56.27999877929688,56.790000915527344,7490800,43.382728576660156
2014-06-30,56.5099983215332,56.88999938964844,56.099998474121094,56.43999862670898,6229700,43.11537170410156
2014-07-01,56.41999816894531,57.20000076293945,56.16999816894531,56.88999938964844,6869800,43.45913314819336
2014-07-02,57.459999084472656,58.11000061035156,56.91999816894531,58.11000061035156,6198500,44.39110565185547
2014-07-03,57.9000015258789,58.27000045776367,57.6500015258789,58.22000122070313,3828900,44.47514343261719
2014-07-07,57.90999984741211,58.1500015258789,57.38999938964844,57.4000015258789,4736300,43.848716735839844
2014-07-08,56.68000030517578,56.97000122070313,55.47999954223633,55.68999862670898,9297300,42.54243469238281
2014-07-09,55.56000137329102,55.63999938964844,54.81999969482422,55.0099983215332,11516300,42.02296829223633
2014-07-10,54.5,55.88000106811523,54.27999877929688,55.790000915527344,7553100,42.61882400512695
2014-07-11,55.34000015258789,56.599998474121094,54.47999954223633,54.959999084472656,13586800,42.3032455444336
2014-07-14,53.88999938964844,55.04999923706055,53.72000122070313,54.849998474121094,30823300,42.21857452392578
2014-07-15,54.52000045776367,54.68999862670898,53.38999938964844,53.43999862670898,16796400,41.1332893371582
2014-07-16,53.25,53.66999816894531,51.81999969482422,53.6500015258789,23291200,41.29492568969727
2014-07-17,53.209999084472656,55.0,52.88000106811523,53.52000045776367,18699000,41.194862365722656
2014-07-18,53.0,55.11999893188477,53.0,54.90999984741211,42456000,42.26476287841797
2014-07-21,54.13999938964844,54.45000076293945,53.90999984741211,54.0,22334900,41.56432723999024
2014-07-22,53.81999969482422,54.38000106811523,53.75,54.04999923706055,14724300,41.60279846191406
2014-07-23,54.47999954223633,54.81000137329102,54.06999969482422,54.47999954223633,15011300,41.93378448486328
2014-07-24,54.22000122070313,54.56000137329102,53.97000122070313,54.08000183105469,11712800,41.62590408325195
2014-07-25,54.4000015258789,54.4900016784668,53.02999877929688,53.18000030517578,11680900,40.93317031860352
2014-07-28,53.41999816894531,54.0,53.16999816894531,53.7400016784668,10466000,41.364200592041016
2014-07-29,53.54999923706055,53.65999984741211,53.2400016784668,53.43000030517578,16171500,41.12559509277344
2014-07-30,53.27999877929688,53.88999938964844,53.02999877929688,53.75,12680100,41.37188720703125
2014-07-31,53.13000106811523,53.4000015258789,52.29999923706055,52.34000015258789,15479900,40.28659439086914
2014-08-01,52.02999877929688,52.63999938964844,51.75,52.47999954223633,11593200,40.39436340332031
2014-08-04,52.58000183105469,53.4000015258789,52.36999893188477,53.290000915527344,10456300,41.017822265625
2014-08-05,52.77000045776367,53.18999862670898,52.45000076293945,52.790000915527344,12783800,40.632972717285156
2014-08-06,51.47999954223633,52.65999984741211,51.36999893188477,52.04999923706055,18126200,40.063392639160156
2014-08-07,51.59000015258789,52.709999084472656,51.41999816894531,52.43000030517578,17171700,40.35588455200195
2014-08-08,52.72000122070313,52.88999938964844,52.290000915527344,52.81999969482422,13117700,40.656063079833984
2014-08-11,53.0,53.6500015258789,52.77000045776367,53.31000137329102,10074600,41.03322982788086
2014-08-12,53.22000122070313,53.29999923706055,52.56999969482422,52.84000015258789,8524600,40.67146301269531
2014-08-13,52.97000122070313,53.63999938964844,52.75,53.599998474121094,9029400,41.25644302368164
2014-08-14,53.61999893188477,54.22999954223633,53.52999877929688,54.18999862670898,7959800,41.71056747436523
2014-08-15,54.34000015258789,54.59000015258789,53.58000183105469,53.9000015258789,10109300,41.48735427856445
2014-08-18,54.38999938964844,54.52000045776367,53.84000015258789,54.31000137329102,7370500,41.80293273925781
2014-08-19,54.47999954223633,55.31000137329102,54.18000030517578,55.290000915527344,9159300,42.5572509765625
2014-08-20,54.81999969482422,55.18000030517578,54.68999862670898,55.06000137329102,7612200,42.38021087646485
2014-08-21,54.790000915527344,55.11999893188477,54.68000030517578,54.959999084472656,8063200,42.3032455444336
2014-08-22,54.86999893188477,55.27000045776367,54.36000061035156,55.20000076293945,9314600,42.48797225952149
2014-08-25,55.38000106811523,55.91999816894531,55.18000030517578,55.86999893188477,7553500,43.00367736816406
2014-08-26,55.68000030517578,55.93999862670898,55.63999938964844,55.75,9309800,42.91131210327149
2014-08-27,55.849998474121094,55.849998474121094,55.4000015258789,55.70000076293945,11022600,42.872840881347656
2014-08-28,55.52000045776367,55.68000030517578,55.25,55.599998474121094,7277900,42.79585647583008
2014-08-29,55.75,55.79999923706055,55.2400016784668,55.27999877929688,7524400,42.5495491027832
2014-09-02,55.43000030517578,55.52999877929688,54.959999084472656,55.06999969482422,7354900,42.38791275024414
2014-09-03,55.15999984741211,55.52999877929688,54.83000183105469,55.5099983215332,7562100,42.72658157348633
2014-09-04,55.36000061035156,55.599998474121094,55.09000015258789,55.540000915527344,10019400,42.74967575073242
2014-09-05,55.4900016784668,55.93999862670898,54.86999893188477,55.93999862670898,9914300,43.05755615234375
2014-09-08,55.77999877929688,55.95000076293945,55.36999893188477,55.56999969482422,6568800,42.772762298583984
2014-09-09,55.52999877929688,57.18000030517578,55.43000030517578,56.95000076293945,17558900,43.83496856689453
2014-09-10,56.9000015258789,57.31999969482422,56.5099983215332,57.18999862670898,8740300,44.01969909667969
2014-09-11,57.0,57.88000106811523,56.849998474121094,57.849998474121094,9943900,44.5276985168457
2014-09-12,57.849998474121094,58.77000045776367,57.7400016784668,57.88000106811523,15556200,44.55080032348633
2014-09-15,57.75,58.1500015258789,57.47000122070313,57.93000030517578,8632700,44.58929061889648
2014-09-16,57.63000106811523,58.70000076293945,57.459999084472656,58.599998474121094,9112400,45.10498046875
2014-09-17,58.88999938964844,60.02000045776367,58.75,59.61999893188477,14389400,45.89008712768555
2014-09-18,59.599998474121094,59.6500015258789,59.099998474121094,59.45000076293945,10980500,45.75923538208008
2014-09-19,59.84000015258789,59.93000030517578,59.0099983215332,59.06000137329102,13986900,45.45906066894531
2014-09-22,59.22999954223633,59.29999923706055,58.40999984741211,58.709999084472656,9045900,45.18965148925781
2014-09-23,56.79999923706055,58.27000045776367,56.599998474121094,57.56000137329102,24204400,44.30449676513672
2014-09-24,57.65999984741211,59.349998474121094,57.61000061035156,59.04999923706055,15763800,45.45135879516602
2014-09-25,58.47000122070313,59.5,57.97000122070313,58.0,10079400,44.643157958984375
2014-09-26,58.540000915527344,59.2400016784668,58.099998474121094,59.18999862670898,15866000,45.55911254882813
2014-09-29,58.13999938964844,58.83000183105469,57.93999862670898,58.52000045776367,7640400,45.04341506958008
2014-09-30,58.2599983215332,58.81000137329102,57.72999954223633,57.7599983215332,8599000,44.45842361450195
2014-10-01,57.93000030517578,57.93999862670898,56.959999084472656,57.22999954223633,8431900,44.05048751831055
2014-10-02,57.540000915527344,57.70000076293945,56.13999938964844,56.66999816894531,8371500,43.61944580078125
2014-10-03,57.41999816894531,58.77999877929688,57.34000015258789,58.68999862670898,11675600,45.17426681518555
2014-10-06,58.59000015258789,58.9900016784668,57.65999984741211,57.81000137329102,7359900,44.496925354003906
2014-10-07,57.599998474121094,57.599998474121094,56.5099983215332,56.6500015258789,8923500,43.60405731201172
2014-10-08,56.540000915527344,58.45000076293945,56.18000030517578,58.34000015258789,10917200,44.904869079589844
2014-10-09,58.52000045776367,58.54999923706055,56.709999084472656,56.72000122070313,11911600,43.657936096191406
2014-10-10,55.9900016784668,56.66999816894531,54.95000076293945,54.97000122070313,12108700,42.6265869140625
2014-10-13,54.88000106811523,55.1500015258789,53.58000183105469,53.61999893188477,16908200,41.57971954345703
2014-10-14,53.59000015258789,54.84000015258789,53.02000045776367,54.13000106811523,14293600,41.97520065307617
2014-10-15,52.33000183105469,55.72000122070313,52.06000137329102,54.63000106811523,122740200,42.36293029785156
2014-10-16,55.79999923706055,55.9000015258789,52.84000015258789,52.9000015258789,61236700,41.021400451660156
2014-10-17,53.77999877929688,53.9000015258789,52.9000015258789,53.36999893188477,31891900,41.3858528137207
2014-10-20,52.56000137329102,54.59000015258789,52.25,54.40999984741211,17954600,42.19232940673828
2014-10-21,55.29999923706055,56.45000076293945,55.02000045776367,56.290000915527344,17522100,43.65018081665039
2014-10-22,56.959999084472656,57.45000076293945,56.2599983215332,56.9000015258789,16048100,44.123207092285156
2014-10-23,58.099998474121094,59.70000076293945,57.88000106811523,59.52000045776367,14729300,46.15489196777344
2014-10-24,59.34000015258789,60.40999984741211,59.34000015258789,60.290000915527344,10391600,46.751991271972656
2014-10-27,60.349998474121094,60.97999954223633,60.209999084472656,60.4900016784668,10010900,46.90707015991211
2014-10-28,60.7599983215332,61.13000106811523,60.43999862670898,60.93000030517578,9412500,47.24827194213867
2014-10-29,60.9900016784668,60.9900016784668,59.36000061035156,59.97999954223633,16547900,46.51159286499024
2014-10-30,60.0,61.43000030517578,59.90999984741211,61.18000030517578,11635300,47.44214248657226
2014-10-31,63.06000137329102,63.9900016784668,62.36999893188477,63.459999084472656,15009900,49.210166931152344
2014-11-03,63.65999984741211,63.9000015258789,62.93999862670898,63.25,8250800,49.047325134277344
2014-11-04,63.209999084472656,63.61000061035156,62.31999969482422,62.65999984741211,9741700,48.589805603027344
2014-11-05,63.4900016784668,63.66999816894531,62.20000076293945,62.540000915527344,6465000,48.49675750732422
2014-11-06,62.75,63.38999938964844,62.41999816894531,62.709999084472656,5152400,48.62857055664063
2014-11-07,62.31000137329102,62.33000183105469,61.31000137329102,61.5,7002600,47.69028091430664
2014-11-10,61.9900016784668,64.05999755859375,61.86999893188477,63.790000915527344,9513000,49.46606826782226
2014-11-11,63.68999862670898,64.19999694824219,63.5,63.849998474121094,5041200,49.512596130371094
2014-11-12,63.56000137329102,64.01999664306639,63.56000137329102,63.7599983215332,5366700,49.44279861450195
2014-11-13,64.25,64.79000091552734,63.4000015258789,63.63000106811523,4510200,49.34199905395508
2014-11-14,63.97999954223633,64.0,63.13000106811523,64.0,4684900,49.62892150878906
2014-11-17,64.08000183105469,65.41000366210939,64.02999877929689,65.04000091552734,7117100,50.43537902832031
2014-11-18,64.77999877929689,66.23999786376953,64.77999877929689,66.05000305175781,6432200,51.21858596801758
2014-11-19,65.87999725341797,66.15000152587889,65.22000122070311,65.5,5710900,50.7920913696289
2014-11-20,65.04000091552734,65.68000030517578,64.93000030517578,65.19000244140625,4975500,50.55171203613281
2014-11-21,66.41000366210939,67.36000061035156,65.75,67.36000061035156,9165900,52.23443984985352
2014-11-24,67.40000152587889,68.05999755859375,67.40000152587889,67.77999877929689,7730400,52.56012725830078
2014-11-25,67.63999938964844,68.20999908447266,67.15000152587889,68.05999755859375,7550800,52.77724838256836
2014-11-26,68.33999633789061,68.86000061035156,67.87999725341797,68.69999694824219,4046000,53.27354049682617
2014-11-28,69.0,69.48000335693361,68.88999938964844,69.19999694824219,2953700,53.6612663269043
2014-12-01,69.08000183105469,69.5,68.83000183105469,69.11000061035156,4885100,53.59147644042969
2014-12-02,68.87999725341797,69.48999786376953,68.65000152587889,69.26999664306639,6491500,53.71552658081055
2014-12-03,69.16999816894531,69.48000335693361,68.41000366210939,68.5,5817700,53.11843872070313
2014-12-04,68.34999847412111,69.86000061035156,68.29000091552734,69.56999969482422,7665300,53.94819259643555
2014-12-05,69.51999664306639,70.16999816894531,69.33999633789061,69.70999908447266,4360100,54.05674362182617
2014-12-08,69.80999755859375,70.76000213623047,69.34999847412111,69.41999816894531,5452100,53.83185577392578
2014-12-09,68.20999908447266,69.19000244140625,67.61000061035156,69.13999938964844,6833800,53.61473846435547
2014-12-10,69.44000244140625,69.44000244140625,67.52999877929689,67.58000183105469,8575700,52.40503311157226
2014-12-11,66.48000335693361,67.95999908447266,66.23999786376953,67.02999877929689,9518000,51.97853088378906
2014-12-12,66.52999877929689,67.16999816894531,65.01000213623047,65.26999664306639,9215500,50.61373901367188
2014-12-15,65.75,66.47000122070311,64.80999755859375,65.62000274658203,7226000,50.88515090942383
2014-12-16,65.11000061035156,66.94000244140625,64.80000305175781,65.25,8545100,50.59823226928711
2014-12-17,65.5,66.73999786376953,65.08999633789061,66.56999969482422,5934900,51.62182235717773
2014-12-18,67.86000061035156,68.01000213623047,67.19999694824219,67.91999816894531,7184700,52.66868591308594
2014-12-19,67.69000244140625,68.62000274658203,66.83999633789061,67.70999908447266,12631000,52.5058479309082
2014-12-22,68.04000091552734,68.25,66.83000183105469,66.97000122070311,12876600,51.9320068359375
2014-12-23,67.23000335693361,67.31999969482422,64.01999664306639,64.34999847412111,12123000,49.90031814575195
2014-12-24,64.75,66.94999694824219,64.75,66.20999908447266,4705500,51.34265518188477
2014-12-26,66.51000213623047,67.23999786376953,66.51000213623047,66.98000335693361,4158200,51.93976974487305
2014-12-29,66.58000183105469,67.37000274658203,66.41999816894531,67.13999938964844,3872800,52.06382751464844
2014-12-30,66.76999664306639,67.16000366210939,66.01999664306639,66.30000305175781,5568800,51.41246032714844
2014-12-31,66.72000122070311,67.09999847412111,65.34999847412111,65.44000244140625,3917300,50.745567321777344
2015-01-02,65.44000244140625,66.40000152587889,65.44000244140625,65.88999938964844,5086100,51.09451675415039
2015-01-05,65.5,66.09999847412111,63.88000106811523,64.65000152587889,8007400,50.13294982910156
2015-01-06,65.62000274658203,65.75,63.70000076293945,64.33000183105469,5483700,49.88480758666992
2015-01-07,64.56999969482422,67.05000305175781,64.48000335693361,66.93000030517578,8283300,51.90098190307617
2015-01-08,68.16000366210939,68.29000091552734,67.41999816894531,67.62999725341797,7949000,52.44380187988281
2015-01-09,66.69000244140625,67.19999694824219,65.11000061035156,65.77999877929689,8779900,51.00922012329102
2015-01-12,66.33999633789061,66.93000030517578,65.30999755859375,65.76000213623047,6159800,50.99370956420898
2015-01-13,65.72000122070311,66.06999969482422,62.90999984741211,63.38999938964844,13908400,49.52490997314453
2015-01-14,62.61999893188477,64.06999969482422,61.86000061035156,63.70000076293945,9448300,49.76710510253906
2015-01-15,64.0,64.11000061035156,62.86999893188477,62.88999938964844,6149100,49.13427352905274
2015-01-16,62.95000076293945,64.62000274658203,62.63999938964844,64.54000091552734,8106000,50.423377990722656
2015-01-20,65.05999755859375,65.29000091552734,62.75,63.45000076293945,9065300,49.57179260253906
2015-01-21,63.099998474121094,63.45000076293945,62.27999877929688,62.70000076293945,7979500,48.9858283996582
2015-01-22,63.20000076293945,63.45000076293945,61.88000106811523,62.97999954223633,8941700,49.20458984375
2015-01-23,63.65999984741211,63.65999984741211,62.349998474121094,62.43000030517578,6881100,48.7748908996582
2015-01-26,62.2599983215332,63.040000915527344,61.68000030517578,62.83000183105469,8181100,49.08739852905274
2015-01-27,62.33000183105469,63.5,62.20000076293945,63.099998474121094,6532300,49.29833984375
2015-01-28,63.43999862670898,63.56000137329102,61.68999862670898,61.849998474121094,6910100,48.32174682617188
2015-01-29,62.11999893188477,63.38000106811523,61.59000015258789,63.11999893188477,8485600,49.31397247314453
2015-01-30,62.09000015258789,62.68000030517578,60.11999893188477,60.349998474121094,17582500,47.14984512329102
2015-02-02,61.4900016784668,61.4900016784668,58.6500015258789,60.70000076293945,11491100,47.42328643798828
2015-02-03,61.599998474121094,61.7599983215332,59.97999954223633,61.6500015258789,10721800,48.165504455566406
2015-02-04,58.95000076293945,58.95000076293945,56.6500015258789,56.90999984741211,31250600,44.46226119995117
2015-02-05,57.54999923706055,58.2599983215332,56.1500015258789,57.9900016784668,18964700,45.3060417175293
2015-02-06,57.709999084472656,57.83000183105469,56.68999862670898,56.9000015258789,13890900,44.45445251464844
2015-02-09,55.66999816894531,56.349998474121094,55.18000030517578,55.47999954223633,22522000,43.34503936767578
2015-02-10,55.93000030517578,57.0099983215332,55.599998474121094,56.88999938964844,18917000,44.44664001464844
2015-02-11,57.36000061035156,57.83000183105469,56.2599983215332,56.68999862670898,14681600,44.29038619995117
2015-02-12,57.4000015258789,57.58000183105469,56.15999984741211,57.04999923706055,11940900,44.57164764404297
2015-02-13,57.349998474121094,58.099998474121094,56.9000015258789,58.04999923706055,11303200,45.35292434692383
2015-02-17,58.95000076293945,59.0,57.9000015258789,58.72000122070313,12789700,45.876365661621094
2015-02-18,59.1500015258789,59.47999954223633,58.31000137329102,59.2400016784668,10781700,46.282630920410156
