Unnamed: 0.1,date,open,high,low,close,volume,adjclose
0,2012-05-18,42.04999923706055,45.0,38.0,38.22999954223633,573576400,38.22999954223633
1,2012-05-21,36.52999877929688,36.65999984741211,33.0,34.029998779296875,168192700,34.029998779296875
2,2012-05-22,32.610000610351555,33.59000015258789,30.940000534057607,31.0,101786600,31.0
3,2012-05-23,31.3700008392334,32.5,31.36000061035156,32.0,73600000,32.0
4,2012-05-24,32.950000762939446,33.209999084472656,31.770000457763672,33.029998779296875,50237200,33.029998779296875
5,2012-05-25,32.900001525878906,32.950000762939446,31.11000061035156,31.90999984741211,37149800,31.90999984741211
6,2012-05-29,31.479999542236328,31.690000534057607,28.649999618530273,28.84000015258789,78063400,28.84000015258789
7,2012-05-30,28.70000076293945,29.54999923706055,27.86000061035156,28.190000534057607,57267900,28.190000534057607
8,2012-05-31,28.54999923706055,29.670000076293945,26.82999992370605,29.60000038146973,111639200,29.60000038146973
9,2012-06-01,28.88999938964844,29.149999618530273,27.38999938964844,27.71999931335449,41855500,27.71999931335449
10,2012-06-04,27.20000076293945,27.649999618530273,26.440000534057607,26.899999618530273,35230300,26.899999618530273
11,2012-06-05,26.70000076293945,27.76000022888184,25.75,25.8700008392334,42473400,25.8700008392334
12,2012-06-06,26.06999969482422,27.170000076293945,25.520000457763672,26.809999465942386,61489200,26.809999465942386
13,2012-06-07,27.0,27.35000038146973,26.149999618530273,26.309999465942386,26159500,26.309999465942386
14,2012-06-08,26.54999923706055,27.76000022888184,26.440000534057607,27.10000038146973,38034000,27.10000038146973
15,2012-06-11,27.18000030517578,28.06999969482422,26.84000015258789,27.01000022888184,28219600,27.01000022888184
16,2012-06-12,27.479999542236328,27.770000457763672,26.959999084472656,27.399999618530273,15816800,27.399999618530273
17,2012-06-13,27.65999984741211,28.10000038146973,27.10000038146973,27.270000457763672,17102800,27.270000457763672
18,2012-06-14,27.649999618530273,28.31999969482422,27.3799991607666,28.290000915527344,16855000,28.290000915527344
19,2012-06-15,28.51000022888184,30.10000038146973,28.35000038146973,30.01000022888184,43563800,30.01000022888184
20,2012-06-18,29.959999084472656,32.080001831054695,29.40999984741211,31.40999984741211,42978900,31.40999984741211
21,2012-06-19,31.540000915527344,32.18000030517578,30.70000076293945,31.90999984741211,30849000,31.90999984741211
22,2012-06-20,31.920000076293945,31.93000030517578,31.149999618530273,31.60000038146973,15553600,31.60000038146973
23,2012-06-21,31.670000076293945,32.5,31.51000022888184,31.84000015258789,21875300,31.84000015258789
24,2012-06-22,32.40999984741211,33.450000762939446,32.060001373291016,33.049999237060554,74834000,33.049999237060554
25,2012-06-25,32.860000610351555,33.02000045776367,31.54999923706055,32.060001373291016,24352900,32.060001373291016
26,2012-06-26,32.689998626708984,33.439998626708984,32.5,33.09999847412109,24858700,33.09999847412109
27,2012-06-27,32.459999084472656,32.900001525878906,31.899999618530273,32.22999954223633,28568000,32.22999954223633
28,2012-06-28,31.959999084472656,32.189998626708984,30.899999618530273,31.36000061035156,17713300,31.36000061035156
29,2012-06-29,31.920000076293945,31.989999771118164,30.76000022888184,31.10000038146973,19526900,31.10000038146973
30,2012-07-02,31.25,31.729999542236328,30.54999923706055,30.770000457763672,14122000,30.770000457763672
31,2012-07-03,30.90999984741211,31.440000534057607,30.79999923706055,31.20000076293945,8763600,31.20000076293945
32,2012-07-05,31.31999969482422,31.6299991607666,31.020000457763672,31.46999931335449,10032100,31.46999931335449
33,2012-07-06,31.440000534057607,31.899999618530273,31.26000022888184,31.729999542236328,10945600,31.729999542236328
34,2012-07-09,32.09999847412109,32.880001068115234,31.989999771118164,32.169998168945305,17785200,32.169998168945305
35,2012-07-10,32.43000030517578,32.47999954223633,31.15999984741211,31.46999931335449,14269500,31.46999931335449
36,2012-07-11,31.479999542236328,31.559999465942386,30.54999923706055,30.96999931335449,13030300,30.96999931335449
37,2012-07-12,30.70000076293945,31.399999618530273,30.60000038146973,30.809999465942386,11300700,30.809999465942386
38,2012-07-13,31.040000915527344,31.06999969482422,30.559999465942386,30.71999931335449,8108300,30.71999931335449
39,2012-07-16,30.5,30.5,28.209999084472656,28.25,24672100,28.25
40,2012-07-17,28.479999542236328,28.59000015258789,27.149999618530273,28.09000015258789,30438600,28.09000015258789
41,2012-07-18,28.309999465942386,29.290000915527344,28.149999618530273,29.11000061035156,16841800,29.11000061035156
42,2012-07-19,29.40999984741211,29.5,28.6299991607666,29.0,13685100,29.0
43,2012-07-20,29.0,29.46999931335449,28.71999931335449,28.76000022888184,11869100,28.76000022888184
44,2012-07-23,28.1200008392334,29.0,28.01000022888184,28.75,12390700,28.75
45,2012-07-24,28.81999969482422,29.45000076293945,28.10000038146973,28.45000076293945,11539800,28.45000076293945
46,2012-07-25,28.38999938964844,29.489999771118164,28.07999992370605,29.34000015258789,17230200,29.34000015258789
47,2012-07-26,27.75,28.229999542236328,26.729999542236328,26.85000038146973,64597400,26.85000038146973
48,2012-07-27,23.190000534057607,24.540000915527344,22.280000686645508,23.709999084472656,123102300,23.709999084472656
49,2012-07-30,24.0,24.040000915527344,23.03000068664551,23.149999618530273,29285900,23.149999618530273
50,2012-07-31,23.3700008392334,23.3700008392334,21.61000061035156,21.709999084472656,56179400,21.709999084472656
51,2012-08-01,21.5,21.57999992370605,20.84000015258789,20.8799991607666,44604400,20.8799991607666
52,2012-08-02,20.770000457763672,20.84000015258789,19.81999969482422,20.040000915527344,56374500,20.040000915527344
53,2012-08-03,20.36000061035156,22.15999984741211,19.899999618530273,21.09000015258789,80647000,21.09000015258789
54,2012-08-06,21.38999938964844,22.149999618530273,21.299999237060547,21.920000076293945,27778900,21.920000076293945
55,2012-08-07,22.200000762939453,22.450000762939453,20.5,20.71999931335449,36782900,20.71999931335449
56,2012-08-08,20.709999084472656,21.149999618530273,20.21999931335449,20.71999931335449,29537400,20.71999931335449
57,2012-08-09,20.75,21.170000076293945,20.61000061035156,21.01000022888184,15610700,21.01000022888184
58,2012-08-10,21.40999984741211,21.81999969482422,21.1299991607666,21.809999465942386,25794700,21.809999465942386
59,2012-08-13,22.149999618530273,22.450000762939453,21.399999618530273,21.600000381469727,24973100,21.600000381469727
60,2012-08-14,21.40999984741211,21.600000381469727,20.25,20.3799991607666,39308800,20.3799991607666
61,2012-08-15,20.63999938964844,21.40999984741211,20.399999618530273,21.200000762939453,47861100,21.200000762939453
62,2012-08-16,20.440000534057614,20.479999542236328,19.690000534057614,19.8700008392334,157565300,19.8700008392334
63,2012-08-17,20.01000022888184,20.07999992370605,19.0,19.049999237060547,129293400,19.049999237060547
64,2012-08-20,19.049999237060547,20.1299991607666,18.75,20.01000022888184,101186600,20.01000022888184
65,2012-08-21,19.57999992370605,19.979999542236328,19.09000015258789,19.15999984741211,70640600,19.15999984741211
66,2012-08-22,19.36000061035156,19.530000686645508,18.959999084472656,19.440000534057614,49892200,19.440000534057614
67,2012-08-23,19.5,19.729999542236328,19.36000061035156,19.440000534057614,32813700,19.440000534057614
68,2012-08-24,19.520000457763672,19.68000030517578,19.25,19.40999984741211,29622200,19.40999984741211
69,2012-08-27,19.489999771118164,19.530000686645508,19.100000381469727,19.149999618530273,20704000,19.149999618530273
70,2012-08-28,19.100000381469727,19.3799991607666,18.950000762939453,19.34000015258789,25417000,19.34000015258789
71,2012-08-29,19.31999969482422,19.3799991607666,19.06999969482422,19.100000381469727,16124700,19.100000381469727
72,2012-08-30,19.270000457763672,19.450000762939453,19.059999465942386,19.09000015258789,30647500,19.09000015258789
73,2012-08-31,18.68000030517578,18.700000762939453,18.030000686645508,18.059999465942386,58764200,18.059999465942386
74,2012-09-04,18.07999992370605,18.270000457763672,17.549999237060547,17.729999542236328,46622400,17.729999542236328
75,2012-09-05,18.270000457763672,18.75,18.18000030517578,18.57999992370605,60781800,18.57999992370605
76,2012-09-06,18.739999771118164,19.26000022888184,18.71999931335449,18.959999084472656,46066500,18.959999084472656
77,2012-09-07,19.100000381469727,19.420000076293945,18.780000686645508,18.979999542236328,36371700,18.979999542236328
78,2012-09-10,19.059999465942386,19.200000762939453,18.549999237060547,18.809999465942386,24797800,18.809999465942386
79,2012-09-11,18.920000076293945,19.57999992370605,18.850000381469727,19.43000030517578,50508200,19.43000030517578
80,2012-09-12,20.76000022888184,21.15999984741211,20.280000686645508,20.93000030517578,121584000,20.93000030517578
81,2012-09-13,20.959999084472656,21.479999542236328,20.61000061035156,20.709999084472656,65041600,20.709999084472656
82,2012-09-14,21.1299991607666,22.07999992370605,20.899999618530273,22.0,72819800,22.0
83,2012-09-17,22.670000076293945,22.75,21.5,21.520000457763672,50667600,21.520000457763672
84,2012-09-18,21.600000381469727,21.979999542236328,21.3700008392334,21.8700008392334,36760500,21.8700008392334
85,2012-09-19,21.989999771118164,23.3700008392334,21.770000457763672,23.290000915527344,78782800,23.290000915527344
86,2012-09-20,23.020000457763672,23.239999771118164,22.540000915527344,22.59000015258789,57248900,22.59000015258789
87,2012-09-21,22.96999931335449,23.239999771118164,22.60000038146973,22.86000061035156,51218100,22.86000061035156
88,2012-09-24,21.780000686645508,21.979999542236328,20.36000061035156,20.790000915527344,79106500,20.790000915527344
89,2012-09-25,21.200000762939453,21.209999084472656,20.21999931335449,20.280000686645508,46291700,20.280000686645508
90,2012-09-26,20.149999618530273,20.780000686645508,19.799999237060547,20.6200008392334,38271900,20.6200008392334
91,2012-09-27,20.989999771118164,21.0,20.15999984741211,20.31999969482422,30215900,20.31999969482422
92,2012-09-28,20.56999969482422,21.950000762939453,20.5,21.65999984741211,65486000,21.65999984741211
93,2012-10-01,22.07999992370605,22.59000015258789,21.729999542236328,21.989999771118164,51262700,21.989999771118164
94,2012-10-02,22.07999992370605,22.489999771118164,21.81999969482422,22.270000457763672,29341400,22.270000457763672
95,2012-10-03,22.299999237060547,22.489999771118164,21.799999237060547,21.82999992370605,32000100,21.82999992370605
96,2012-10-04,22.31999969482422,22.399999618530273,21.40999984741211,21.950000762939453,46892100,21.950000762939453
97,2012-10-05,21.489999771118164,21.6299991607666,20.8799991607666,20.90999984741211,40529300,20.90999984741211
98,2012-10-08,20.399999618530273,20.75,20.15999984741211,20.399999618530273,32236700,20.399999618530273
99,2012-10-09,20.38999938964844,20.549999237060547,19.96999931335449,20.229999542236328,27161800,20.229999542236328
100,2012-10-10,19.93000030517578,19.940000534057614,19.450000762939453,19.63999938964844,39321800,19.63999938964844
101,2012-10-11,19.8799991607666,19.959999084472656,19.61000061035156,19.75,21817300,19.75
102,2012-10-12,19.75,19.799999237060547,19.479999542236328,19.520000457763672,18809400,19.520000457763672
103,2012-10-15,19.68000030517578,19.8799991607666,19.489999771118164,19.520000457763672,20189700,19.520000457763672
104,2012-10-16,19.68000030517578,19.690000534057614,19.299999237060547,19.479999542236328,21834700,19.479999542236328
105,2012-10-17,19.5,20.479999542236328,19.3700008392334,19.8799991607666,44074500,19.8799991607666
106,2012-10-18,19.700000762939453,19.790000915527344,18.88999938964844,18.979999542236328,52157400,18.979999542236328
107,2012-10-19,19.0,19.059999465942386,18.799999237060547,19.0,34835000,19.0
108,2012-10-22,19.200000762939453,19.43000030517578,19.049999237060547,19.31999969482422,32447300,19.31999969482422
109,2012-10-23,19.25,19.799999237060547,19.100000381469727,19.5,78381200,19.5
110,2012-10-24,24.1299991607666,24.25,22.85000038146973,23.229999542236328,228949900,23.229999542236328
111,2012-10-25,23.290000915527344,23.309999465942386,22.46999931335449,22.559999465942386,76142000,22.559999465942386
112,2012-10-26,22.399999618530273,22.8799991607666,21.8799991607666,21.940000534057614,73175800,21.940000534057614
113,2012-10-31,20.81999969482422,21.5,20.729999542236328,21.11000061035156,99378200,21.11000061035156
114,2012-11-01,21.07999992370605,21.440000534057614,21.01000022888184,21.209999084472656,37713900,21.209999084472656
115,2012-11-02,21.26000022888184,21.690000534057614,21.06999969482422,21.18000030517578,38344400,21.18000030517578
116,2012-11-05,21.100000381469727,21.479999542236328,20.920000076293945,21.25,31806700,21.25
117,2012-11-06,21.239999771118164,21.3700008392334,20.989999771118164,21.170000076293945,29062700,21.170000076293945
118,2012-11-07,20.850000381469727,20.950000762939453,20.3700008392334,20.46999931335449,33396800,20.46999931335449
119,2012-11-08,20.520000457763672,20.729999542236328,19.979999542236328,19.989999771118164,34254600,19.989999771118164
120,2012-11-09,19.959999084472656,20.0,19.1299991607666,19.209999084472656,42295500,19.209999084472656
121,2012-11-12,19.149999618530273,20.170000076293945,18.8700008392334,20.06999969482422,67349200,20.06999969482422
122,2012-11-13,19.61000061035156,20.11000061035156,19.559999465942386,19.86000061035156,71775100,19.86000061035156
123,2012-11-14,20.100000381469727,22.5,19.93000030517578,22.36000061035156,229751000,22.36000061035156
124,2012-11-15,22.34000015258789,22.5,21.649999618530273,22.170000076293945,78857700,22.170000076293945
125,2012-11-16,22.25,23.93000030517578,22.18000030517578,23.559999465942386,107182200,23.559999465942386
126,2012-11-19,23.959999084472656,24.1200008392334,22.81999969482422,22.920000076293945,85021300,22.920000076293945
127,2012-11-20,22.729999542236328,23.899999618530273,22.70000076293945,23.10000038146973,46655300,23.10000038146973
128,2012-11-21,23.21999931335449,24.53000068664551,23.04999923706055,24.31999969482422,89862400,24.31999969482422
129,2012-11-23,24.57999992370605,24.68000030517578,23.8799991607666,24.0,29520900,24.0
130,2012-11-26,24.940000534057607,26.09000015258789,24.809999465942386,25.940000534057607,123865000,25.940000534057607
131,2012-11-27,26.040000915527344,26.5,25.459999084472656,26.149999618530273,85760600,26.149999618530273
132,2012-11-28,25.940000534057607,26.489999771118164,25.75,26.36000061035156,49205600,26.36000061035156
133,2012-11-29,26.5,27.520000457763672,26.15999984741211,27.31999969482422,88759700,27.31999969482422
134,2012-11-30,27.26000022888184,28.0,26.76000022888184,28.0,127049600,28.0
135,2012-12-03,28.0,28.8799991607666,26.979999542236328,27.040000915527344,123526100,27.040000915527344
136,2012-12-04,27.059999465942386,27.76000022888184,26.68000030517578,27.459999084472656,72869200,27.459999084472656
137,2012-12-05,27.75,27.899999618530273,27.26000022888184,27.709999084472656,58976300,27.709999084472656
138,2012-12-06,27.68000030517578,27.75,26.81999969482422,26.96999931335449,46001500,26.96999931335449
139,2012-12-07,27.06999969482422,27.78000068664551,26.84000015258789,27.489999771118164,51751900,27.489999771118164
140,2012-12-10,27.170000076293945,28.170000076293945,27.10000038146973,27.84000015258789,50608500,27.84000015258789
141,2012-12-11,28.06999969482422,28.239999771118164,27.65999984741211,27.979999542236328,77099100,27.979999542236328
142,2012-12-12,28.0,28.13999938964844,27.3700008392334,27.57999992370605,46704200,27.57999992370605
143,2012-12-13,27.59000015258789,28.75,27.43000030517578,28.239999771118164,81051600,28.239999771118164
144,2012-12-14,28.18000030517578,28.32999992370605,26.76000022888184,26.809999465942386,91631600,26.809999465942386
145,2012-12-17,26.770000457763672,27.0,26.31999969482422,26.75,57742500,26.75
146,2012-12-18,26.959999084472656,27.90999984741211,26.899999618530273,27.709999084472656,60512900,27.709999084472656
147,2012-12-19,27.82999992370605,28.21999931335449,26.95000076293945,27.40999984741211,61390300,27.40999984741211
148,2012-12-20,27.489999771118164,27.60000038146973,27.1299991607666,27.36000061035156,35574800,27.36000061035156
149,2012-12-21,26.65999984741211,27.01000022888184,26.1200008392334,26.26000022888184,54555200,26.26000022888184
150,2012-12-24,26.5,26.959999084472656,26.20000076293945,26.93000030517578,28230100,26.93000030517578
151,2012-12-26,27.03000068664551,27.18000030517578,26.3799991607666,26.51000022888184,33175400,26.51000022888184
152,2012-12-27,26.54999923706055,26.79999923706055,25.520000457763672,26.04999923706055,43481700,26.04999923706055
153,2012-12-28,25.479999542236328,26.11000061035156,25.149999618530273,25.90999984741211,56574800,25.90999984741211
154,2012-12-31,26.20000076293945,26.989999771118164,26.11000061035156,26.6200008392334,60374500,26.6200008392334
155,2013-01-02,27.440000534057607,28.18000030517578,27.420000076293945,28.0,69846400,28.0
156,2013-01-03,27.8799991607666,28.46999931335449,27.59000015258789,27.770000457763672,63140600,27.770000457763672
157,2013-01-04,28.01000022888184,28.93000030517578,27.82999992370605,28.76000022888184,72715400,28.76000022888184
158,2013-01-07,28.690000534057607,29.790000915527344,28.649999618530273,29.420000076293945,83781800,29.420000076293945
159,2013-01-08,29.51000022888184,29.60000038146973,28.86000061035156,29.059999465942386,45871300,29.059999465942386
160,2013-01-09,29.670000076293945,30.60000038146973,29.489999771118164,30.59000015258789,104787700,30.59000015258789
161,2013-01-10,30.60000038146973,31.45000076293945,30.28000068664551,31.29999923706055,95316400,31.29999923706055
162,2013-01-11,31.28000068664551,31.959999084472656,31.10000038146973,31.71999931335449,89598000,31.71999931335449
163,2013-01-14,32.080001831054695,32.209999084472656,30.6200008392334,30.95000076293945,98892800,30.95000076293945
164,2013-01-15,30.63999938964844,31.709999084472656,29.8799991607666,30.10000038146973,173242600,30.10000038146973
165,2013-01-16,30.209999084472656,30.35000038146973,29.53000068664551,29.85000038146973,75332700,29.85000038146973
166,2013-01-17,30.07999992370605,30.420000076293945,30.03000068664551,30.13999938964844,40256700,30.13999938964844
167,2013-01-18,30.309999465942386,30.440000534057607,29.270000457763672,29.65999984741211,49631500,29.65999984741211
168,2013-01-22,29.75,30.88999938964844,29.739999771118164,30.729999542236328,55243300,30.729999542236328
169,2013-01-23,31.10000038146973,31.5,30.79999923706055,30.81999969482422,48899800,30.81999969482422
170,2013-01-24,31.270000457763672,31.489999771118164,30.809999465942386,31.07999992370605,43845100,31.07999992370605
171,2013-01-25,31.40999984741211,31.93000030517578,31.1299991607666,31.540000915527344,54363600,31.540000915527344
172,2013-01-28,31.8799991607666,32.509998321533196,31.809999465942386,32.470001220703125,59682500,32.470001220703125
173,2013-01-29,32.0,32.06999969482422,30.709999084472656,30.790000915527344,72976500,30.790000915527344
174,2013-01-30,30.979999542236328,31.489999771118164,30.8799991607666,31.239999771118164,87682100,31.239999771118164
175,2013-01-31,29.149999618530273,31.46999931335449,28.739999771118164,30.979999542236328,190744900,30.979999542236328
176,2013-02-01,31.01000022888184,31.020000457763672,29.6299991607666,29.729999542236328,85856700,29.729999542236328
177,2013-02-04,29.059999465942386,29.20000076293945,28.01000022888184,28.11000061035156,92362200,28.11000061035156
178,2013-02-05,28.26000022888184,28.959999084472656,28.040000915527344,28.63999938964844,47948200,28.63999938964844
179,2013-02-06,28.739999771118164,29.290000915527344,28.65999984741211,29.04999923706055,38375900,29.04999923706055
180,2013-02-07,29.11000061035156,29.149999618530273,28.270000457763672,28.649999618530273,34540100,28.649999618530273
181,2013-02-08,28.88999938964844,29.170000076293945,28.51000022888184,28.54999923706055,37708800,28.54999923706055
182,2013-02-11,28.61000061035156,28.68000030517578,28.040000915527344,28.26000022888184,37361800,28.26000022888184
183,2013-02-12,27.670000076293945,28.15999984741211,27.10000038146973,27.3700008392334,93498700,27.3700008392334
184,2013-02-13,27.36000061035156,28.31999969482422,27.309999465942386,27.90999984741211,50164000,27.90999984741211
185,2013-02-14,28.020000457763672,28.6299991607666,28.01000022888184,28.5,35615800,28.5
186,2013-02-15,28.520000457763672,28.75,28.09000015258789,28.31999969482422,33109300,28.31999969482422
187,2013-02-19,28.229999542236328,29.07999992370605,28.1200008392334,28.93000030517578,49396400,28.93000030517578
188,2013-02-20,28.920000076293945,29.04999923706055,28.32999992370605,28.459999084472656,42098200,28.459999084472656
189,2013-02-21,28.28000068664551,28.54999923706055,27.149999618530273,27.28000068664551,49642300,27.28000068664551
190,2013-02-22,27.6200008392334,27.6299991607666,26.81999969482422,27.1299991607666,36350200,27.1299991607666
191,2013-02-25,27.15999984741211,27.63999938964844,27.149999618530273,27.270000457763672,34652000,27.270000457763672
192,2013-02-26,27.36000061035156,27.459999084472656,26.70000076293945,27.38999938964844,31611700,27.38999938964844
193,2013-02-27,27.34000015258789,27.34000015258789,26.6299991607666,26.8700008392334,44319700,26.8700008392334
194,2013-02-28,26.84000015258789,27.29999923706055,26.34000015258789,27.25,83027800,27.25
195,2013-03-01,27.04999923706055,28.1200008392334,26.809999465942386,27.78000068664551,54064800,27.78000068664551
196,2013-03-04,27.76000022888184,28.059999465942386,27.440000534057607,27.71999931335449,32400700,27.71999931335449
197,2013-03-05,27.8799991607666,28.18000030517578,27.209999084472656,27.520000457763672,40622200,27.520000457763672
198,2013-03-06,28.10000038146973,28.1299991607666,27.35000038146973,27.45000076293945,33532600,27.45000076293945
199,2013-03-07,27.56999969482422,28.68000030517578,27.46999931335449,28.57999992370605,74540200,28.57999992370605
200,2013-03-08,28.43000030517578,28.46999931335449,27.729999542236328,27.959999084472656,44198900,27.959999084472656
201,2013-03-11,28.01000022888184,28.63999938964844,27.82999992370605,28.13999938964844,35642100,28.13999938964844
202,2013-03-12,28.10000038146973,28.31999969482422,27.60000038146973,27.82999992370605,27569600,27.82999992370605
203,2013-03-13,27.6200008392334,27.649999618530273,26.920000076293945,27.07999992370605,39619500,27.07999992370605
204,2013-03-14,27.10000038146973,27.43000030517578,26.82999992370605,27.040000915527344,27646400,27.040000915527344
205,2013-03-15,27.03000068664551,27.059999465942386,26.559999465942386,26.649999618530273,31597400,26.649999618530273
206,2013-03-18,26.3700008392334,26.790000915527344,25.78000068664551,26.489999771118164,26653700,26.489999771118164
207,2013-03-19,26.53000068664551,26.899999618530273,26.209999084472656,26.54999923706055,25254200,26.54999923706055
208,2013-03-20,26.68000030517578,26.690000534057607,25.78000068664551,25.86000061035156,44006500,25.86000061035156
209,2013-03-21,25.65999984741211,26.11000061035156,25.559999465942386,25.739999771118164,24336100,25.739999771118164
210,2013-03-22,25.79999923706055,26.01000022888184,25.6299991607666,25.729999542236328,18456300,25.729999542236328
211,2013-03-25,25.75,25.79999923706055,25.07999992370605,25.1299991607666,39199000,25.1299991607666
212,2013-03-26,25.07999992370605,25.479999542236328,25.03000068664551,25.209999084472656,26957200,25.209999084472656
213,2013-03-27,25.0,26.28000068664551,24.71999931335449,26.09000015258789,52297400,26.09000015258789
214,2013-03-28,26.09000015258789,26.170000076293945,25.520000457763672,25.57999992370605,28585700,25.57999992370605
215,2013-04-01,25.6299991607666,25.88999938964844,25.28000068664551,25.53000068664551,22249300,25.53000068664551
216,2013-04-02,25.770000457763672,26.1200008392334,25.29999923706055,25.420000076293945,35153300,25.420000076293945
217,2013-04-03,25.82999992370605,26.38999938964844,25.70000076293945,26.25,48195200,26.25
218,2013-04-04,26.6200008392334,27.229999542236328,26.11000061035156,27.06999969482422,82016800,27.06999969482422
219,2013-04-05,26.86000061035156,27.79999923706055,26.61000061035156,27.38999938964844,64566600,27.38999938964844
220,2013-04-08,27.190000534057607,27.20000076293945,26.6299991607666,26.85000038146973,27256000,26.85000038146973
221,2013-04-09,26.57999992370605,26.88999938964844,26.420000076293945,26.59000015258789,21311100,26.59000015258789
222,2013-04-10,27.01000022888184,27.84000015258789,26.899999618530273,27.56999969482422,45949400,27.56999969482422
223,2013-04-11,27.479999542236328,28.10000038146973,27.25,28.020000457763672,33368500,28.020000457763672
224,2013-04-12,28.0,28.0,27.239999771118164,27.399999618530273,28697400,27.399999618530273
225,2013-04-15,27.15999984741211,27.479999542236328,26.36000061035156,26.520000457763672,30275400,26.520000457763672
226,2013-04-16,26.809999465942386,27.11000061035156,26.399999618530273,26.920000076293945,27365900,26.920000076293945
227,2013-04-17,26.649999618530273,27.20000076293945,26.38999938964844,26.6299991607666,26440600,26.6299991607666
228,2013-04-18,26.81999969482422,26.81999969482422,25.149999618530273,25.690000534057607,39059000,25.690000534057607
229,2013-04-19,25.6200008392334,25.959999084472656,25.32999992370605,25.729999542236328,20380900,25.729999542236328
230,2013-04-22,25.809999465942386,26.36000061035156,25.70000076293945,25.96999931335449,25687600,25.96999931335449
231,2013-04-23,26.21999931335449,26.32999992370605,25.770000457763672,25.979999542236328,25191500,25.979999542236328
232,2013-04-24,25.93000030517578,26.399999618530273,25.79999923706055,26.11000061035156,19729900,26.11000061035156
233,2013-04-25,26.06999969482422,26.399999618530273,26.0,26.13999938964844,17150000,26.13999938964844
234,2013-04-26,26.60000038146973,27.6200008392334,26.60000038146973,26.85000038146973,33018000,26.85000038146973
235,2013-04-29,27.15999984741211,27.40999984741211,26.86000061035156,26.979999542236328,29201100,26.979999542236328
236,2013-04-30,27.1299991607666,27.85000038146973,27.01000022888184,27.770000457763672,36245700,27.770000457763672
237,2013-05-01,27.85000038146973,27.920000076293945,27.309999465942386,27.43000030517578,64567600,27.43000030517578
238,2013-05-02,28.01000022888184,29.020000457763672,27.979999542236328,28.96999931335449,104257000,28.96999931335449
239,2013-05-03,29.040000915527344,29.06999969482422,28.149999618530273,28.309999465942386,58506400,28.309999465942386
240,2013-05-06,28.32999992370605,28.459999084472656,27.479999542236328,27.56999969482422,43939400,27.56999969482422
241,2013-05-07,27.54999923706055,27.85000038146973,26.85000038146973,26.88999938964844,41259100,26.88999938964844
242,2013-05-08,26.8799991607666,27.29999923706055,26.649999618530273,27.1200008392334,34654900,27.1200008392334
243,2013-05-09,27.07999992370605,27.54999923706055,26.85000038146973,27.040000915527344,33457200,27.040000915527344
244,2013-05-10,27.13999938964844,27.29999923706055,26.56999969482422,26.68000030517578,30847100,26.68000030517578
245,2013-05-13,26.60000038146973,27.32999992370605,26.53000068664551,26.81999969482422,29068800,26.81999969482422
246,2013-05-14,26.88999938964844,27.28000068664551,26.81999969482422,27.06999969482422,24930300,27.06999969482422
247,2013-05-15,26.920000076293945,26.989999771118164,26.399999618530273,26.60000038146973,30299800,26.60000038146973
248,2013-05-16,26.479999542236328,26.54999923706055,25.899999618530273,26.1299991607666,35499100,26.1299991607666
249,2013-05-17,26.399999618530273,26.60000038146973,26.20000076293945,26.25,29462700,26.25
250,2013-05-20,26.18000030517578,26.190000534057607,25.690000534057607,25.76000022888184,42402900,25.76000022888184
251,2013-05-21,25.8700008392334,26.07999992370605,25.59000015258789,25.65999984741211,26261300,25.65999984741211
252,2013-05-22,25.649999618530273,25.85000038146973,24.920000076293945,25.15999984741211,45314500,25.15999984741211
253,2013-05-23,24.79999923706055,25.53000068664551,24.770000457763672,25.059999465942386,37663100,25.059999465942386
254,2013-05-24,24.96999931335449,24.96999931335449,24.07999992370605,24.309999465942386,58727900,24.309999465942386
255,2013-05-28,24.540000915527344,24.540000915527344,23.920000076293945,24.10000038146973,50079700,24.10000038146973
256,2013-05-29,23.790000915527344,23.809999465942386,23.26000022888184,23.31999969482422,64237800,23.31999969482422
257,2013-05-30,24.1299991607666,24.78000068664551,23.93000030517578,24.54999923706055,60733200,24.54999923706055
258,2013-05-31,24.6299991607666,24.95000076293945,24.270000457763672,24.35000038146973,35925000,24.35000038146973
259,2013-06-03,24.270000457763672,24.31999969482422,23.709999084472656,23.85000038146973,35733800,23.85000038146973
260,2013-06-04,23.88999938964844,23.93000030517578,23.31999969482422,23.520000457763672,34760800,23.520000457763672
261,2013-06-05,23.35000038146973,23.709999084472656,22.790000915527344,22.899999618530273,53819700,22.899999618530273
262,2013-06-06,22.989999771118164,23.09000015258789,22.670000076293945,22.96999931335449,31260700,22.96999931335449
263,2013-06-07,23.03000068664551,23.399999618530273,22.86000061035156,23.290000915527344,38699200,23.290000915527344
264,2013-06-10,24.059999465942386,24.60000038146973,23.989999771118164,24.32999992370605,58393000,24.32999992370605
265,2013-06-11,24.03000068664551,24.35000038146973,24.0,24.03000068664551,29885900,24.03000068664551
266,2013-06-12,24.15999984741211,24.26000022888184,23.57999992370605,23.770000457763672,26445800,23.770000457763672
267,2013-06-13,23.71999931335449,23.82999992370605,23.270000457763672,23.729999542236328,31189300,23.729999542236328
268,2013-06-14,23.559999465942386,23.88999938964844,23.26000022888184,23.6299991607666,30677100,23.6299991607666
269,2013-06-17,23.90999984741211,24.25,23.75,24.020000457763672,33664500,24.020000457763672
270,2013-06-18,24.09000015258789,24.690000534057607,24.07999992370605,24.209999084472656,36709100,24.209999084472656
271,2013-06-19,24.20000076293945,25.190000534057607,24.10000038146973,24.309999465942386,31790600,24.309999465942386
272,2013-06-20,24.28000068664551,24.75,23.649999618530273,23.899999618530273,42765600,23.899999618530273
273,2013-06-21,24.59000015258789,24.70000076293945,24.04999923706055,24.53000068664551,45833900,24.53000068664551
274,2013-06-24,23.95000076293945,24.11000061035156,23.3799991607666,23.940000534057607,40626000,23.940000534057607
275,2013-06-25,24.13999938964844,24.43000030517578,24.040000915527344,24.25,24713200,24.25
276,2013-06-26,24.51000022888184,24.649999618530273,23.989999771118164,24.15999984741211,29890300,24.15999984741211
277,2013-06-27,24.239999771118164,24.84000015258789,24.209999084472656,24.65999984741211,34694100,24.65999984741211
278,2013-06-28,24.68000030517578,24.979999542236328,24.420000076293945,24.8799991607666,96778900,24.8799991607666
279,2013-07-01,24.96999931335449,25.059999465942386,24.6200008392334,24.809999465942386,20582200,24.809999465942386
280,2013-07-02,24.70000076293945,24.770000457763672,24.29999923706055,24.40999984741211,18394100,24.40999984741211
281,2013-07-03,24.21999931335449,24.709999084472656,24.149999618530273,24.520000457763672,10404400,24.520000457763672
282,2013-07-05,24.649999618530273,24.65999984741211,24.20000076293945,24.3700008392334,20229500,24.3700008392334
283,2013-07-08,24.46999931335449,25.040000915527344,24.420000076293945,24.709999084472656,27064600,24.709999084472656
284,2013-07-09,25.06999969482422,25.489999771118164,25.03000068664551,25.479999542236328,30387900,25.479999542236328
285,2013-07-10,25.57999992370605,25.82999992370605,25.46999931335449,25.79999923706055,26721800,25.79999923706055
286,2013-07-11,25.959999084472656,26.0,25.45000076293945,25.809999465942386,26777400,25.809999465942386
287,2013-07-12,25.739999771118164,25.93000030517578,25.54999923706055,25.90999984741211,16537900,25.90999984741211
288,2013-07-15,25.93000030517578,26.43000030517578,25.649999618530273,26.28000068664551,24234000,26.28000068664551
289,2013-07-16,26.38999938964844,26.75,26.01000022888184,26.31999969482422,30817600,26.31999969482422
290,2013-07-17,26.3700008392334,26.78000068664551,26.29999923706055,26.649999618530273,21518500,26.649999618530273
291,2013-07-18,26.75,26.770000457763672,26.1200008392334,26.18000030517578,24806900,26.18000030517578
292,2013-07-19,25.81999969482422,26.11000061035156,25.60000038146973,25.8799991607666,46539700,25.8799991607666
293,2013-07-22,25.989999771118164,26.1299991607666,25.71999931335449,26.04999923706055,27526300,26.04999923706055
294,2013-07-23,26.10000038146973,26.29999923706055,25.96999931335449,26.1299991607666,28221600,26.1299991607666
295,2013-07-24,26.31999969482422,26.53000068664551,26.04999923706055,26.51000022888184,82635600,26.51000022888184
296,2013-07-25,33.540000915527344,34.880001068115234,32.75,34.360000610351555,365457900,34.360000610351555
297,2013-07-26,33.77000045776367,34.72999954223633,33.560001373291016,34.009998321533196,136028900,34.009998321533196
298,2013-07-29,34.06999969482422,35.630001068115234,34.009998321533196,35.43000030517578,124718800,35.43000030517578
299,2013-07-30,35.650001525878906,37.959999084472656,35.31999969482422,37.63000106811523,173582800,37.63000106811523
300,2013-07-31,37.959999084472656,38.310001373291016,36.33000183105469,36.79999923706055,154828700,36.79999923706055
301,2013-08-01,37.29999923706055,38.290000915527344,36.91999816894531,37.4900016784668,106066500,37.4900016784668
302,2013-08-02,37.65999984741211,38.4900016784668,37.5,38.04999923706055,73058500,38.04999923706055
303,2013-08-05,38.43000030517578,39.31999969482422,38.25,39.18999862670898,79994800,39.18999862670898
304,2013-08-06,39.11000061035156,39.25,37.93999862670898,38.54999923706055,63950800,38.54999923706055
305,2013-08-07,38.61000061035156,38.93999862670898,37.70000076293945,38.86999893188477,68854800,38.86999893188477
306,2013-08-08,39.13000106811523,39.18999862670898,38.43000030517578,38.540000915527344,41301000,38.540000915527344
307,2013-08-09,38.59000015258789,38.7400016784668,38.0099983215332,38.5,43532300,38.5
308,2013-08-12,38.20000076293945,38.5,38.099998474121094,38.22000122070313,31161000,38.22000122070313
309,2013-08-13,38.2400016784668,38.31999969482422,36.77000045776367,37.02000045776367,65379200,37.02000045776367
310,2013-08-14,36.83000183105469,37.54999923706055,36.61999893188477,36.650001525878906,48423900,36.650001525878906
311,2013-08-15,36.36000061035156,37.06999969482422,36.02000045776367,36.560001373291016,56521100,36.560001373291016
312,2013-08-16,36.97000122070313,37.4900016784668,36.900001525878906,37.08000183105469,45840800,37.08000183105469
313,2013-08-19,37.43000030517578,38.27999877929688,37.13999938964844,37.810001373291016,57609600,37.810001373291016
314,2013-08-20,38.349998474121094,38.58000183105469,37.68999862670898,38.40999984741211,57995200,38.40999984741211
315,2013-08-21,38.38000106811523,38.849998474121094,38.150001525878906,38.31999969482422,46116900,38.31999969482422
316,2013-08-22,38.36999893188477,38.75,38.34000015258789,38.54999923706055,21931200,38.54999923706055
317,2013-08-23,39.0,40.63000106811523,38.93000030517578,40.54999923706055,86442300,40.54999923706055
318,2013-08-26,40.900001525878906,41.93999862670898,40.61999893188477,41.34000015258789,94162400,41.34000015258789
319,2013-08-27,40.68000030517578,41.20000076293945,39.41999816894531,39.63999938964844,72695100,39.63999938964844
320,2013-08-28,39.959999084472656,40.849998474121094,39.88000106811523,40.54999923706055,57918200,40.54999923706055
321,2013-08-29,40.88999938964844,41.77999877929688,40.79999923706055,41.27999877929688,58303400,41.27999877929688
322,2013-08-30,42.02000045776367,42.2599983215332,41.060001373291016,41.290000915527344,67735100,41.290000915527344
323,2013-09-03,41.84000015258789,42.15999984741211,41.5099983215332,41.86999893188477,48774900,41.86999893188477
324,2013-09-04,42.0099983215332,42.16999816894531,41.43999862670898,41.77999877929688,42581900,41.77999877929688
325,2013-09-05,41.790000915527344,42.77000045776367,41.77000045776367,42.65999984741211,50035400,42.65999984741211
326,2013-09-06,43.09000015258789,44.61000061035156,42.400001525878906,43.95000076293945,117535700,43.95000076293945
327,2013-09-09,44.36000061035156,44.790000915527344,43.70000076293945,44.040000915527344,75794700,44.040000915527344
328,2013-09-10,44.2400016784668,44.2599983215332,43.22999954223633,43.599998474121094,54540300,43.599998474121094
329,2013-09-11,43.38999938964844,45.09000015258789,43.11000061035156,45.040000915527344,72328300,45.040000915527344
330,2013-09-12,45.52999877929688,45.61999893188477,44.650001525878906,44.75,68072300,44.75
331,2013-09-13,45.040000915527344,45.08000183105469,43.93000030517578,44.310001373291016,52765300,44.310001373291016
332,2013-09-16,44.849998474121094,44.93999862670898,42.43000030517578,42.5099983215332,70424200,42.5099983215332
333,2013-09-17,42.5,45.43999862670898,42.43000030517578,45.06999969482422,91934600,45.06999969482422
334,2013-09-18,44.84000015258789,45.47000122070313,44.400001525878906,45.22999954223633,79317000,45.22999954223633
335,2013-09-19,45.5099983215332,46.04999923706055,45.22999954223633,45.97999954223633,63972400,45.97999954223633
336,2013-09-20,46.31999969482422,47.599998474121094,45.7400016784668,47.4900016784668,115508400,47.4900016784668
337,2013-09-23,47.27999877929688,47.54999923706055,46.290000915527344,47.18999862670898,75177000,47.18999862670898
338,2013-09-24,48.5099983215332,49.65999984741211,48.15999984741211,48.45000076293945,136716100,48.45000076293945
339,2013-09-25,49.22999954223633,49.540000915527344,48.459999084472656,49.459999084472656,87879700,49.459999084472656
340,2013-09-26,50.0099983215332,50.599998474121094,49.5,50.38999938964844,98220100,50.38999938964844
341,2013-09-27,50.290000915527344,51.27999877929688,49.86000061035156,51.2400016784668,81410500,51.2400016784668
342,2013-09-30,50.13999938964844,51.599998474121094,49.79999923706055,50.22999954223633,100095000,50.22999954223633
343,2013-10-01,49.97000122070313,51.02999877929688,49.45000076293945,50.41999816894531,98114000,50.41999816894531
344,2013-10-02,50.13000106811523,51.099998474121094,49.95000076293945,50.27999877929688,62834000,50.27999877929688
345,2013-10-03,50.47000122070313,50.72000122070313,49.06000137329102,49.18000030517578,82045000,49.18000030517578
346,2013-10-04,49.77000045776367,51.15999984741211,49.56999969482422,51.040000915527344,74447000,51.040000915527344
347,2013-10-07,50.72999954223633,51.290000915527344,50.4000015258789,50.52000045776367,57204000,50.52000045776367
348,2013-10-08,50.599998474121094,50.599998474121094,47.08000183105469,47.13999938964844,136081000,47.13999938964844
349,2013-10-09,47.38000106811523,47.84000015258789,45.2599983215332,46.77000045776367,147297000,46.77000045776367
350,2013-10-10,47.86999893188477,49.68000030517578,47.83000183105469,49.04999923706055,99774000,49.04999923706055
351,2013-10-11,49.18000030517578,49.86999893188477,48.790000915527344,49.11000061035156,58428000,49.11000061035156
352,2013-10-14,48.31000137329102,49.63000106811523,47.90999984741211,49.5099983215332,68781000,49.5099983215332
353,2013-10-15,49.9900016784668,51.0,49.18000030517578,49.5,81167000,49.5
354,2013-10-16,50.040000915527344,51.2400016784668,49.9000015258789,51.13999938964844,64678000,51.13999938964844
355,2013-10-17,51.11999893188477,52.22000122070313,50.95000076293945,52.209999084472656,71522000,52.209999084472656
356,2013-10-18,54.18000030517578,54.83000183105469,53.599998474121094,54.22000122070313,88260000,54.22000122070313
357,2013-10-21,54.68000030517578,54.81000137329102,53.5099983215332,53.849998474121094,58235000,53.849998474121094
358,2013-10-22,54.33000183105469,54.7599983215332,52.20000076293945,52.68000030517578,83204000,52.68000030517578
359,2013-10-23,51.75,52.25,51.13000106811523,51.9000015258789,57207000,51.9000015258789
360,2013-10-24,52.38000106811523,52.84000015258789,51.59000015258789,52.45000076293945,46775000,52.45000076293945
361,2013-10-25,53.18000030517578,53.2400016784668,51.88000106811523,51.95000076293945,45085000,51.95000076293945
362,2013-10-28,51.540000915527344,51.70000076293945,49.61000061035156,50.22999954223633,73472000,50.22999954223633
363,2013-10-29,50.72999954223633,50.790000915527344,49.25,49.4000015258789,102143000,49.4000015258789
364,2013-10-30,50.0,50.209999084472656,48.75,49.0099983215332,127073000,49.0099983215332
365,2013-10-31,47.15999984741211,52.0,46.5,50.209999084472656,248809000,50.209999084472656
366,2013-11-01,50.849998474121094,52.09000015258789,49.72000122070313,49.75,95033000,49.75
367,2013-11-04,49.36999893188477,49.75,48.02000045776367,48.22000122070313,80371000,48.22000122070313
368,2013-11-05,47.790000915527344,50.18000030517578,47.5099983215332,50.11000061035156,76835000,50.11000061035156
369,2013-11-06,50.2599983215332,50.45000076293945,48.709999084472656,49.11999893188477,67889000,49.11999893188477
370,2013-11-07,49.2400016784668,49.86999893188477,47.29999923706055,47.56000137329102,97128000,47.56000137329102
371,2013-11-08,47.81000137329102,48.6500015258789,47.25,47.52999877929688,70731000,47.52999877929688
372,2013-11-11,47.040000915527344,47.52999877929688,45.72999954223633,46.20000076293945,80910000,46.20000076293945
373,2013-11-12,46.0,47.36999893188477,45.83000183105469,46.61000061035156,68196000,46.61000061035156
374,2013-11-13,46.22999954223633,48.7400016784668,46.06000137329102,48.709999084472656,79245000,48.709999084472656
375,2013-11-14,48.70000076293945,49.56999969482422,48.02999877929688,48.9900016784668,75117000,48.9900016784668
376,2013-11-15,49.11000061035156,49.47999954223633,48.709999084472656,49.0099983215332,42453000,49.0099983215332
377,2013-11-18,48.47000122070313,48.84000015258789,45.79999923706055,45.83000183105469,85910000,45.83000183105469
378,2013-11-19,46.2599983215332,47.0,45.72000122070313,46.36000061035156,75602000,46.36000061035156
379,2013-11-20,46.61000061035156,47.54999923706055,46.31000137329102,46.43000030517578,53933000,46.43000030517578
380,2013-11-21,46.9900016784668,47.459999084472656,46.68999862670898,46.70000076293945,34886000,46.70000076293945
381,2013-11-22,47.040000915527344,47.27000045776367,45.959999084472656,46.22999954223633,40545000,46.22999954223633
382,2013-11-25,46.36000061035156,46.6500015258789,44.040000915527344,44.81999969482422,82565000,44.81999969482422
383,2013-11-26,44.65999984741211,46.16999816894531,43.54999923706055,45.88999938964844,82016000,45.88999938964844
384,2013-11-27,45.97000122070313,46.66999816894531,45.52999877929688,46.4900016784668,44993000,46.4900016784668
385,2013-11-29,46.75,47.209999084472656,46.5,47.0099983215332,22953900,47.0099983215332
386,2013-12-02,46.9000015258789,47.540000915527344,46.2599983215332,47.06000137329102,50774000,47.06000137329102
387,2013-12-03,46.75,47.20000076293945,46.290000915527344,46.72999954223633,32086000,46.72999954223633
388,2013-12-04,46.459999084472656,48.77000045776367,46.2599983215332,48.61999893188477,60890000,48.61999893188477
389,2013-12-05,48.1500015258789,48.70000076293945,47.86999893188477,48.34000015258789,43855000,48.34000015258789
390,2013-12-06,48.97999954223633,49.38999938964844,47.709999084472656,47.93999862670898,42938000,47.93999862670898
391,2013-12-09,48.09000015258789,48.97000122070313,47.7400016784668,48.84000015258789,36056000,48.84000015258789
392,2013-12-10,48.63999938964844,50.77000045776367,48.540000915527344,50.25,68479000,50.25
393,2013-12-11,50.54999923706055,50.77000045776367,49.0099983215332,49.38000106811523,65776000,49.38000106811523
394,2013-12-12,51.04999923706055,52.06999969482422,50.65999984741211,51.83000183105469,92723000,51.83000183105469
395,2013-12-13,51.65999984741211,53.5,51.34000015258789,53.31999969482422,82641000,53.31999969482422
396,2013-12-16,53.25,54.5,52.90999984741211,53.81000137329102,85119000,53.81000137329102
397,2013-12-17,54.7599983215332,55.18000030517578,54.2400016784668,54.86000061035156,78751000,54.86000061035156
398,2013-12-18,54.86000061035156,55.88999938964844,53.75,55.56999969482422,76003000,55.56999969482422
399,2013-12-19,54.33000183105469,55.18999862670898,53.95000076293945,55.04999923706055,89753200,55.04999923706055
400,2013-12-20,54.93000030517578,55.1500015258789,54.22999954223633,55.11999893188477,239824000,55.11999893188477
401,2013-12-23,55.5,58.31999969482422,55.45000076293945,57.77000045776367,98297000,57.77000045776367
402,2013-12-24,58.27000045776367,58.58000183105469,56.90999984741211,57.959999084472656,46617800,57.959999084472656
403,2013-12-26,58.31999969482422,58.38000106811523,57.36999893188477,57.72999954223633,55101000,57.72999954223633
404,2013-12-27,57.47999954223633,57.68000030517578,55.25,55.43999862670898,60466000,55.43999862670898
405,2013-12-30,54.93000030517578,55.18000030517578,53.43000030517578,53.709999084472656,68307000,53.709999084472656
406,2013-12-31,54.11999893188477,54.86000061035156,53.90999984741211,54.6500015258789,43076200,54.6500015258789
407,2014-01-02,54.83000183105469,55.22000122070313,54.18999862670898,54.709999084472656,43195500,54.709999084472656
408,2014-01-03,55.02000045776367,55.6500015258789,54.52999877929688,54.56000137329102,38246200,54.56000137329102
409,2014-01-06,54.41999816894531,57.2599983215332,54.04999923706055,57.20000076293945,68852600,57.20000076293945
410,2014-01-07,57.70000076293945,58.54999923706055,57.22000122070313,57.91999816894531,77207400,57.91999816894531
411,2014-01-08,57.599998474121094,58.40999984741211,57.22999954223633,58.22999954223633,56682400,58.22999954223633
412,2014-01-09,58.6500015258789,58.959999084472656,56.6500015258789,57.22000122070313,92253300,57.22000122070313
413,2014-01-10,57.13000106811523,58.29999923706055,57.06000137329102,57.93999862670898,42449500,57.93999862670898
414,2014-01-13,57.90999984741211,58.25,55.38000106811523,55.90999984741211,63010900,55.90999984741211
415,2014-01-14,56.459999084472656,57.77999877929688,56.099998474121094,57.7400016784668,37503600,57.7400016784668
416,2014-01-15,57.97999954223633,58.56999969482422,57.27000045776367,57.599998474121094,33663400,57.599998474121094
417,2014-01-16,57.2599983215332,58.02000045776367,56.83000183105469,57.18999862670898,34541800,57.18999862670898
418,2014-01-17,57.29999923706055,57.81999969482422,56.06999969482422,56.29999923706055,40849200,56.29999923706055
419,2014-01-21,56.599998474121094,58.58000183105469,56.5,58.5099983215332,48669200,58.5099983215332
420,2014-01-22,58.849998474121094,59.31000137329102,57.099998474121094,57.5099983215332,61352900,57.5099983215332
421,2014-01-23,56.36999893188477,56.68000030517578,55.68999862670898,56.63000106811523,47951800,56.63000106811523
422,2014-01-24,56.1500015258789,56.41999816894531,54.4000015258789,54.45000076293945,55200700,54.45000076293945
423,2014-01-27,54.72999954223633,54.93999862670898,51.849998474121094,53.54999923706055,73924100,53.54999923706055
424,2014-01-28,54.02000045776367,55.27999877929688,54.0,55.13999938964844,48191200,55.13999938964844
425,2014-01-29,54.61000061035156,54.95000076293945,53.18999862670898,53.52999877929688,92995600,53.52999877929688
426,2014-01-30,62.11999893188477,62.5,60.459999084472656,61.08000183105469,150178900,61.08000183105469
427,2014-01-31,60.47000122070313,63.36999893188477,60.16999816894531,62.56999969482422,87794600,62.56999969482422
428,2014-02-03,63.02999877929688,63.77000045776367,60.70000076293945,61.47999954223633,74866600,61.47999954223633
429,2014-02-04,62.04999923706055,63.13999938964844,61.81999969482422,62.75,45985500,62.75
430,2014-02-05,62.7400016784668,63.15999984741211,61.27000045776367,62.18999862670898,51685100,62.18999862670898
431,2014-02-06,61.459999084472656,62.77999877929688,61.459999084472656,62.15999984741211,42086500,62.15999984741211
432,2014-02-07,62.27000045776367,64.56999969482422,62.22000122070313,64.31999969482422,60704300,64.31999969482422
433,2014-02-10,64.30000305175781,64.48999786376953,63.47000122070313,63.54999923706055,43666100,63.54999923706055
434,2014-02-11,63.75,65.0,63.349998474121094,64.84999847412111,45675600,64.84999847412111
435,2014-02-12,64.91999816894531,65.05999755859375,64.05000305175781,64.44999694824219,47282100,64.44999694824219
436,2014-02-13,64.18000030517578,67.33000183105469,64.05000305175781,67.33000183105469,61911700,67.33000183105469
437,2014-02-14,67.5,67.58000183105469,66.72000122070311,67.08999633789061,36694900,67.08999633789061
438,2014-02-18,66.94000244140625,67.54000091552734,66.06999969482422,67.30000305175781,43809900,67.30000305175781
439,2014-02-19,67.05000305175781,69.08000183105469,67.0,68.05999755859375,62087100,68.05999755859375
440,2014-02-20,67.73000335693361,70.11000061035156,65.73000335693361,69.62999725341797,130928900,69.62999725341797
441,2014-02-21,69.69000244140625,69.95999908447266,68.44999694824219,68.58999633789061,70932400,68.58999633789061
442,2014-02-24,68.73999786376953,71.44000244140625,68.54000091552734,70.77999877929688,76620300,70.77999877929688
443,2014-02-25,70.94999694824219,71.0,69.44999694824219,69.84999847412111,52077000,69.84999847412111
444,2014-02-26,70.19000244140625,71.22000122070312,68.84999847412111,69.26000213623047,55322700,69.26000213623047
445,2014-02-27,69.33999633789061,70.01000213623047,68.87000274658203,68.94000244140625,41653700,68.94000244140625
446,2014-02-28,69.47000122070311,69.87999725341797,67.37999725341797,68.45999908447266,66783700,68.45999908447266
447,2014-03-03,66.95999908447266,68.05000305175781,66.51000213623047,67.41000366210939,56824100,67.41000366210939
448,2014-03-04,68.66000366210939,68.90000152587889,67.62000274658203,68.80000305175781,42013500,68.80000305175781
449,2014-03-05,69.69000244140625,71.97000122070312,69.62000274658203,71.56999969482422,74567700,71.56999969482422
450,2014-03-06,71.87999725341797,71.88999938964844,70.25,70.83999633789062,46026500,70.83999633789062
451,2014-03-07,71.08000183105469,71.18000030517578,69.47000122070311,69.80000305175781,38927000,69.80000305175781
452,2014-03-10,70.7699966430664,72.1500015258789,70.51000213623047,72.02999877929688,59871600,72.02999877929688
453,2014-03-11,72.5,72.58999633789062,69.95999908447266,70.09999847412111,59408300,70.09999847412111
454,2014-03-12,69.86000061035156,71.3499984741211,69.0,70.87999725341797,46340500,70.87999725341797
455,2014-03-13,71.29000091552734,71.3499984741211,68.15000152587889,68.83000183105469,57091000,68.83000183105469
456,2014-03-14,68.48999786376953,69.43000030517578,67.45999908447266,67.72000122070311,48227000,67.72000122070311
457,2014-03-17,68.18000030517578,68.94999694824219,66.62000274658203,68.73999786376953,52197000,68.73999786376953
458,2014-03-18,68.76000213623047,69.59999847412111,68.30000305175781,69.19000244140625,40827000,69.19000244140625
459,2014-03-19,69.16999816894531,69.29000091552734,67.47000122070311,68.23999786376953,43981000,68.23999786376953
460,2014-03-20,68.01000213623047,68.23000335693361,66.81999969482422,66.97000122070311,44439000,66.97000122070311
461,2014-03-21,67.52999877929689,67.91999816894531,66.18000030517578,67.23999786376953,59999900,67.23999786376953
462,2014-03-24,67.19000244140625,67.36000061035156,63.36000061035156,64.09999847412111,85696000,64.09999847412111
463,2014-03-25,64.88999938964844,66.19000244140625,63.77999877929688,64.88999938964844,68786000,64.88999938964844
464,2014-03-26,64.73999786376953,64.94999694824219,60.36999893188477,60.38999938964844,97503900,60.38999938964844
465,2014-03-27,60.5099983215332,61.9000015258789,57.97999954223633,60.97000122070313,112650000,60.97000122070313
466,2014-03-28,61.34000015258789,61.95000076293945,59.34000015258789,60.0099983215332,67052000,60.0099983215332
467,2014-03-31,60.77999877929688,61.52000045776367,59.86999893188477,60.2400016784668,53011000,60.2400016784668
468,2014-04-01,60.459999084472656,62.65999984741211,60.2400016784668,62.61999893188477,59291000,62.61999893188477
469,2014-04-02,63.209999084472656,63.90999984741211,62.209999084472656,62.72000122070313,66277000,62.72000122070313
470,2014-04-03,62.54999923706055,63.16999816894531,59.13000106811523,59.4900016784668,83859000,59.4900016784668
471,2014-04-04,59.93999862670898,60.20000076293945,56.31999969482422,56.75,125214400,56.75
472,2014-04-07,55.9000015258789,58.0,55.43999862670898,56.95000076293945,108488000,56.95000076293945
473,2014-04-08,57.68000030517578,58.709999084472656,57.16999816894531,58.18999862670898,78836000,58.18999862670898
474,2014-04-09,59.63000106811523,62.459999084472656,59.18999862670898,62.40999984741211,100215000,62.40999984741211
475,2014-04-10,63.08000183105469,63.18000030517578,58.68000030517578,59.15999984741211,114988000,59.15999984741211
476,2014-04-11,57.599998474121094,60.31000137329102,57.31000137329102,58.52999877929688,91452000,58.52999877929688
477,2014-04-14,60.09000015258789,60.45000076293945,57.77999877929688,58.88999938964844,72325000,58.88999938964844
478,2014-04-15,59.290000915527344,59.68000030517578,55.88000106811523,59.09000015258789,108623000,59.09000015258789
479,2014-04-16,59.790000915527344,60.18999862670898,57.7400016784668,59.72000122070313,78774000,59.72000122070313
480,2014-04-17,59.29999923706055,60.58000183105469,58.72000122070313,58.93999862670898,88040000,58.93999862670898
481,2014-04-21,59.459999084472656,61.2400016784668,59.1500015258789,61.2400016784668,60364000,61.2400016784668
482,2014-04-22,62.6500015258789,63.43999862670898,62.22000122070313,63.02999877929688,60631000,63.02999877929688
483,2014-04-23,63.45000076293945,63.47999954223633,61.2599983215332,61.36000061035156,95908700,61.36000061035156
484,2014-04-24,63.599998474121094,63.6500015258789,59.77000045776367,60.86999893188477,138769000,60.86999893188477
485,2014-04-25,59.97000122070313,60.0099983215332,57.56999969482422,57.709999084472656,92502000,57.709999084472656
486,2014-04-28,58.04999923706055,58.31000137329102,54.65999984741211,56.13999938964844,107758000,56.13999938964844
487,2014-04-29,56.09000015258789,58.27999877929688,55.84000015258789,58.1500015258789,75557000,58.1500015258789
488,2014-04-30,57.58000183105469,59.849998474121094,57.15999984741211,59.77999877929688,76093000,59.77999877929688
489,2014-05-01,60.43000030517578,62.27999877929688,60.209999084472656,61.1500015258789,82429000,61.1500015258789
490,2014-05-02,61.29999923706055,61.88999938964844,60.18000030517578,60.459999084472656,54189000,60.459999084472656
491,2014-05-05,59.66999816894531,61.349998474121094,59.18000030517578,61.22000122070313,46057000,61.22000122070313
492,2014-05-06,60.97999954223633,61.1500015258789,58.4900016784668,58.52999877929688,55901000,58.52999877929688
493,2014-05-07,58.77000045776367,59.29999923706055,56.2599983215332,57.38999938964844,78587000,57.38999938964844
494,2014-05-08,57.22999954223633,58.81999969482422,56.5,56.7599983215332,61251000,56.7599983215332
495,2014-05-09,56.849998474121094,57.6500015258789,56.38000106811523,57.2400016784668,52584000,57.2400016784668
496,2014-05-12,57.97999954223633,59.9000015258789,57.97999954223633,59.83000183105469,48575000,59.83000183105469
497,2014-05-13,59.65999984741211,60.88999938964844,59.5099983215332,59.83000183105469,48525000,59.83000183105469
498,2014-05-14,59.52999877929688,60.45000076293945,58.95000076293945,59.22999954223633,47429000,59.22999954223633
499,2014-05-15,59.2599983215332,59.38000106811523,57.52000045776367,57.91999816894531,56814000,57.91999816894531
500,2014-05-16,58.31000137329102,58.45000076293945,57.31000137329102,58.02000045776367,47933000,58.02000045776367
501,2014-05-19,57.88999938964844,59.56000137329102,57.56999969482422,59.209999084472656,43034000,59.209999084472656
502,2014-05-20,59.5,60.18999862670898,58.18000030517578,58.56000137329102,53931000,58.56000137329102
503,2014-05-21,58.56000137329102,60.5,58.25,60.4900016784668,58992000,60.4900016784668
504,2014-05-22,60.93999862670898,61.47999954223633,60.4000015258789,60.52000045776367,54200000,60.52000045776367
505,2014-05-23,60.40999984741211,61.45000076293945,60.1500015258789,61.349998474121094,38294000,61.349998474121094
506,2014-05-27,61.61999893188477,63.5099983215332,61.56999969482422,63.47999954223633,55682000,63.47999954223633
507,2014-05-28,63.38999938964844,64.13999938964844,62.61999893188477,63.5099983215332,47795000,63.5099983215332
508,2014-05-29,63.84000015258789,64.30000305175781,63.5099983215332,63.83000183105469,42700000,63.83000183105469
509,2014-05-30,63.95000076293945,64.16999816894531,62.56000137329102,63.29999923706055,45253500,63.29999923706055
510,2014-06-02,63.22999954223633,63.59000015258789,62.04999923706055,63.08000183105469,35996000,63.08000183105469
511,2014-06-03,62.61999893188477,63.41999816894531,62.31999969482422,62.86999893188477,32217000,62.86999893188477
512,2014-06-04,62.45000076293945,63.59000015258789,62.06999969482422,63.34000015258789,36514000,63.34000015258789
513,2014-06-05,63.65999984741211,64.36000061035156,62.81999969482422,63.18999862670898,47352000,63.18999862670898
514,2014-06-06,63.36999893188477,63.47999954223633,62.1500015258789,62.5,42442000,62.5
515,2014-06-09,62.4000015258789,63.34000015258789,61.790000915527344,62.88000106811523,37617000,62.88000106811523
516,2014-06-10,63.52999877929688,65.81999969482422,63.5,65.76999664306639,69338000,65.76999664306639
517,2014-06-11,65.31999969482422,65.80000305175781,64.90000152587889,65.77999877929689,44242000,65.77999877929689
518,2014-06-12,65.84999847412111,66.47000122070311,64.05999755859375,64.29000091552734,55730000,64.29000091552734
519,2014-06-13,64.69999694824219,64.97000122070311,63.83000183105469,64.5,29419000,64.5
520,2014-06-16,64.16000366210939,64.87999725341797,63.75,64.19000244140625,31046000,64.19000244140625
521,2014-06-17,64.09999847412111,64.87999725341797,63.93000030517578,64.40000152587889,27715000,64.40000152587889
522,2014-06-18,64.48999786376953,65.75,64.05000305175781,65.59999847412111,35570000,65.59999847412111
523,2014-06-19,65.45999908447266,65.58000183105469,64.20999908447266,64.33999633789061,34245000,64.33999633789061
524,2014-06-20,64.45999908447266,64.80999755859375,63.349998474121094,64.5,46466000,64.5
525,2014-06-23,64.31999969482422,65.66000366210939,64.22000122070311,65.37000274658203,34560000,65.37000274658203
526,2014-06-24,65.36000061035156,67.16999816894531,65.26999664306639,65.72000122070311,57335000,65.72000122070311
527,2014-06-25,65.58000183105469,67.48000335693361,65.56999969482422,67.44000244140625,44308000,67.44000244140625
528,2014-06-26,68.0,68.0,66.90000152587889,67.12999725341797,47714000,67.12999725341797
529,2014-06-27,67.30999755859375,67.69999694824219,66.83999633789061,67.59999847412111,46461000,67.59999847412111
530,2014-06-30,67.45999908447266,67.91999816894531,67.12999725341797,67.29000091552734,27102800,67.29000091552734
531,2014-07-01,67.58000183105469,68.44000244140625,67.38999938964844,68.05999755859375,33243000,68.05999755859375
532,2014-07-02,68.04000091552734,68.30000305175781,65.79000091552734,66.44999694824219,41895000,66.44999694824219
533,2014-07-03,66.86000061035156,67.0,65.76000213623047,66.29000091552734,25203200,66.29000091552734
534,2014-07-07,66.30000305175781,66.56999969482422,65.12000274658203,65.29000091552734,28745000,65.29000091552734
535,2014-07-08,65.05999755859375,65.55999755859375,62.209999084472656,62.7599983215332,68926000,62.7599983215332
536,2014-07-09,63.40999984741211,65.12000274658203,63.1500015258789,64.97000122070311,51432000,64.97000122070311
537,2014-07-10,63.31000137329102,65.33999633789061,63.04999923706055,64.87000274658203,44422000,64.87000274658203
538,2014-07-11,65.27999877929689,66.58999633789061,64.79000091552734,66.33999633789061,39212000,66.33999633789061
539,2014-07-14,67.12999725341797,68.16999816894531,66.90000152587889,67.90000152587889,38537000,67.90000152587889
540,2014-07-15,67.95999908447266,68.08999633789061,66.26000213623047,67.16999816894531,44213200,67.16999816894531
541,2014-07-16,67.54000091552734,67.94000244140625,67.06999969482422,67.66000366210939,29541600,67.66000366210939
542,2014-07-17,67.02999877929689,67.84999847412111,66.04000091552734,66.41000366210939,38188000,66.41000366210939
543,2014-07-18,66.80000305175781,68.45999908447266,66.16000366210939,68.41999816894531,42456000,68.41999816894531
544,2014-07-21,68.80999755859375,69.95999908447266,68.5,69.40000152587889,49539000,69.40000152587889
545,2014-07-22,69.76000213623047,69.76999664306639,68.61000061035156,69.26999664306639,40398000,69.26999664306639
546,2014-07-23,69.73999786376953,71.33000183105469,69.61000061035156,71.29000091552734,78435000,71.29000091552734
547,2014-07-24,75.95999908447266,76.73999786376953,74.51000213623047,74.9800033569336,124168000,74.9800033569336
548,2014-07-25,74.98999786376953,75.66999816894531,74.66000366210938,75.19000244140625,45917000,75.19000244140625
549,2014-07-28,75.16999816894531,75.5,73.8499984741211,74.91999816894531,41725000,74.91999816894531
550,2014-07-29,74.72000122070312,74.91999816894531,73.41999816894531,73.70999908447266,41324000,73.70999908447266
551,2014-07-30,74.20999908447266,75.19000244140625,74.12999725341797,74.68000030517578,36853000,74.68000030517578
552,2014-07-31,74.0,74.16999816894531,72.44000244140625,72.6500015258789,43992000,72.6500015258789
553,2014-08-01,72.22000122070312,73.22000122070312,71.55000305175781,72.36000061035156,43535000,72.36000061035156
554,2014-08-04,72.36000061035156,73.87999725341797,72.36000061035156,73.51000213623047,30777000,73.51000213623047
555,2014-08-05,73.19999694824219,73.58999633789062,72.18000030517578,72.69000244140625,34986000,72.69000244140625
556,2014-08-06,72.0199966430664,73.72000122070312,71.79000091552734,72.47000122070312,30986000,72.47000122070312
557,2014-08-07,73.0,74.0,72.69999694824219,73.16999816894531,38141000,73.16999816894531
558,2014-08-08,73.4000015258789,73.43000030517578,72.55999755859375,73.05999755859375,27202000,73.05999755859375
559,2014-08-11,73.45999908447266,73.91000366210938,73.05999755859375,73.44000244140625,24591000,73.44000244140625
560,2014-08-12,73.08999633789062,73.33000183105469,72.22000122070312,72.83000183105469,27419000,72.83000183105469
561,2014-08-13,73.12000274658203,74.25,73.05000305175781,73.7699966430664,29266000,73.7699966430664
562,2014-08-14,73.97000122070312,74.37999725341797,73.69000244140625,74.30000305175781,22207000,74.30000305175781
563,2014-08-15,74.31999969482422,74.6500015258789,73.0,73.62999725341797,38846600,73.62999725341797
564,2014-08-18,74.0,74.72000122070312,73.95999908447266,74.58999633789062,23974000,74.58999633789062
565,2014-08-19,74.80999755859375,75.58000183105469,74.51000213623047,75.29000091552734,26679000,75.29000091552734
566,2014-08-20,74.97000122070312,75.18000030517578,74.62000274658203,74.80999755859375,22917000,74.80999755859375
567,2014-08-21,74.91999816894531,75.19000244140625,74.41000366210938,74.56999969482422,20102000,74.56999969482422
568,2014-08-22,74.33999633789062,74.7300033569336,73.56999969482422,74.56999969482422,20897000,74.56999969482422
569,2014-08-25,74.94000244140625,75.27999877929688,74.79000091552734,75.0199966430664,19734000,75.0199966430664
570,2014-08-26,75.0,75.98999786376953,74.7300033569336,75.95999908447266,23993000,75.95999908447266
571,2014-08-27,75.2699966430664,75.48999786376953,74.45999908447266,74.62999725341797,36323000,74.62999725341797
572,2014-08-28,74.0,74.43000030517578,73.7300033569336,73.86000061035156,21947000,73.86000061035156
573,2014-08-29,74.30000305175781,74.81999969482422,74.01000213623047,74.81999969482422,26241000,74.81999969482422
574,2014-09-02,75.01000213623047,76.69999694824219,74.81999969482422,76.68000030517578,34979000,76.68000030517578
575,2014-09-03,77.13999938964844,77.4800033569336,75.5999984741211,75.83000183105469,32389000,75.83000183105469
576,2014-09-04,75.88999938964844,76.93000030517578,75.52999877929688,75.94999694824219,26676000,75.94999694824219
577,2014-09-05,76.0999984741211,77.37999725341797,75.5999984741211,77.26000213623047,29476000,77.26000213623047
578,2014-09-08,77.26000213623047,78.16999816894531,77.01000213623047,77.88999938964844,28183000,77.88999938964844
579,2014-09-09,77.58999633789062,78.16999816894531,76.19999694824219,76.66999816894531,28882000,76.66999816894531
580,2014-09-10,76.5199966430664,77.94999694824219,76.51000213623047,77.43000030517578,29909000,77.43000030517578
581,2014-09-11,77.12999725341797,78.36000061035156,77.05000305175781,77.91999816894531,32219000,77.91999816894531
582,2014-09-12,78.0199966430664,78.30000305175781,77.0999984741211,77.4800033569336,26676800,77.4800033569336
583,2014-09-15,77.1500015258789,77.25,73.43000030517578,74.58000183105469,49679000,74.58000183105469
584,2014-09-16,73.5199966430664,76.2300033569336,73.06999969482422,76.08000183105469,37742000,76.08000183105469
585,2014-09-17,75.95999908447266,77.25,75.56999969482422,76.43000030517578,28693000,76.43000030517578
586,2014-09-18,76.7699966430664,77.33000183105469,76.5199966430664,77.0,23031000,77.0
587,2014-09-19,77.4000015258789,78.30000305175781,76.44000244140625,77.91000366210938,76671000,77.91000366210938
588,2014-09-22,77.0,77.52999877929688,75.94999694824219,76.80000305175781,31961000,76.80000305175781
589,2014-09-23,76.33000183105469,78.62999725341797,76.04000091552734,78.29000091552734,36814000,78.29000091552734
590,2014-09-24,78.0999984741211,78.62000274658203,77.51000213623047,78.54000091552734,30680000,78.54000091552734
591,2014-09-25,78.5999984741211,78.94000244140625,77.12999725341797,77.22000122070312,37533000,77.22000122070312
592,2014-09-26,77.58999633789062,78.83999633789062,77.33000183105469,78.79000091552734,28872000,78.79000091552734
593,2014-09-29,78.12000274658203,79.19999694824219,77.91000366210938,79.0,34031000,79.0
594,2014-09-30,79.3499984741211,79.70999908447266,78.5999984741211,79.04000091552734,35899000,79.04000091552734
595,2014-10-01,78.77999877929688,78.81999969482422,75.9000015258789,76.55000305175781,55090000,76.55000305175781
596,2014-10-02,76.56999969482422,77.4800033569336,75.63999938964844,77.08000183105469,36488000,77.08000183105469
597,2014-10-03,77.76000213623047,78.05999755859375,77.26000213623047,77.44000244140625,23340000,77.44000244140625
598,2014-10-06,77.19000244140625,77.88999938964844,76.8499984741211,77.55999755859375,25729000,77.55999755859375
599,2014-10-07,77.05000305175781,77.94999694824219,76.23999786376953,76.29000091552734,25317000,76.29000091552734
600,2014-10-08,76.18000030517578,77.70999908447266,75.0999984741211,77.5199966430664,32976000,77.5199966430664
601,2014-10-09,77.27999877929688,77.76000213623047,75.8499984741211,75.91000366210938,32487000,75.91000366210938
602,2014-10-10,75.58999633789062,76.5,72.76000213623047,72.91000366210938,52146000,72.91000366210938
603,2014-10-13,73.2300033569336,74.77999877929688,72.5199966430664,72.98999786376953,43938000,72.98999786376953
604,2014-10-14,74.0,74.18000030517578,72.05000305175781,73.58999633789062,50299000,73.58999633789062
605,2014-10-15,71.69000244140625,73.80000305175781,70.31999969482422,73.20999908447266,61528000,73.20999908447266
606,2014-10-16,70.79000091552734,73.3499984741211,70.58000183105469,72.62999725341797,53529000,72.62999725341797
607,2014-10-17,74.2300033569336,76.0,73.75,75.94999694824219,76342000,75.94999694824219
608,2014-10-20,75.5999984741211,77.08999633789062,75.37999725341797,76.94999694824219,34701000,76.94999694824219
609,2014-10-21,77.55999755859375,78.73999786376953,77.1500015258789,78.69000244140625,32252000,78.69000244140625
610,2014-10-22,78.81999969482422,79.8499984741211,78.01000213623047,78.37000274658203,41862000,78.37000274658203
611,2014-10-23,79.37999725341797,80.62999725341797,79.01000213623047,80.04000091552734,35056000,80.04000091552734
612,2014-10-24,80.19999694824219,80.81999969482422,79.31999969482422,80.66999816894531,32248000,80.66999816894531
613,2014-10-27,80.73999786376953,80.80000305175781,79.76000213623047,80.27999877929688,30169000,80.27999877929688
614,2014-10-28,80.18000030517578,81.16000366210938,79.56999969482422,80.7699966430664,74212000,80.7699966430664
615,2014-10-29,75.44999694824219,76.87999725341797,74.77999877929688,75.86000061035156,106120000,75.86000061035156
616,2014-10-30,75.05000305175781,75.3499984741211,72.9000015258789,74.11000061035156,83270000,74.11000061035156
617,2014-10-31,74.93000030517578,75.69999694824219,74.44999694824219,74.98999786376953,44544000,74.98999786376953
618,2014-11-03,75.47000122070312,75.5199966430664,73.69999694824219,73.87999725341797,40727000,73.87999725341797
619,2014-11-04,74.2300033569336,75.7699966430664,73.6500015258789,75.76000213623047,39326000,75.76000213623047
620,2014-11-05,76.51000213623047,76.80000305175781,74.41999816894531,74.83000183105469,35913000,74.83000183105469
621,2014-11-06,74.88999938964844,75.5999984741211,74.30999755859375,75.26000213623047,21383000,75.26000213623047
622,2014-11-07,75.38999938964844,75.86000061035156,75.0199966430664,75.5999984741211,20774000,75.5999984741211
623,2014-11-10,75.36000061035156,75.4800033569336,74.61000061035156,75.0,21575100,75.0
624,2014-11-11,74.94999694824219,74.9800033569336,74.02999877929688,74.61000061035156,18715700,74.61000061035156
625,2014-11-12,74.27999877929688,75.13999938964844,73.54000091552734,74.72000122070312,26536600,74.72000122070312
626,2014-11-13,74.73999786376953,75.23999786376953,73.63999938964844,74.25,26448500,74.25
627,2014-11-14,74.2699966430664,74.93000030517578,74.04000091552734,74.87999725341797,19476900,74.87999725341797
628,2014-11-17,74.87999725341797,75.66000366210938,73.87999725341797,74.23999786376953,28701200,74.23999786376953
629,2014-11-18,74.44999694824219,74.80000305175781,73.9000015258789,74.33999633789062,20690500,74.33999633789062
630,2014-11-19,74.01000213623047,74.54000091552734,73.11000061035156,73.33000183105469,25441200,73.33000183105469
631,2014-11-20,72.80000305175781,73.98999786376953,72.51000213623047,73.5999984741211,19154900,73.5999984741211
632,2014-11-21,74.5,74.5,73.5,73.75,23060400,73.75
633,2014-11-24,73.54000091552734,74.3499984741211,73.3499984741211,74.01000213623047,22103800,74.01000213623047
634,2014-11-25,74.20999908447266,75.73999786376953,74.12999725341797,75.62999725341797,32250200,75.62999725341797
635,2014-11-26,75.52999877929688,77.77999877929688,75.51000213623047,77.62000274658203,32695300,77.62000274658203
636,2014-11-28,77.66999816894531,78.2699966430664,77.2300033569336,77.69999694824219,15992000,77.69999694824219
637,2014-12-01,77.26000213623047,77.30999755859375,74.80000305175781,75.0999984741211,31789900,75.0999984741211
638,2014-12-02,75.33000183105469,75.91000366210938,75.04000091552734,75.45999908447266,16773900,75.45999908447266
639,2014-12-03,75.37999725341797,75.7300033569336,74.4000015258789,74.87999725341797,16689900,74.87999725341797
640,2014-12-04,74.83000183105469,75.55000305175781,74.66000366210938,75.23999786376953,14362800,75.23999786376953
641,2014-12-05,75.80000305175781,76.76000213623047,75.36000061035156,76.36000061035156,24306400,76.36000061035156
642,2014-12-08,76.18000030517578,77.25,75.4000015258789,76.5199966430664,25733900,76.5199966430664
643,2014-12-09,75.19999694824219,76.93000030517578,74.77999877929688,76.83999633789062,25358600,76.83999633789062
644,2014-12-10,76.6500015258789,77.55000305175781,76.06999969482422,76.18000030517578,32210500,76.18000030517578
645,2014-12-11,76.5199966430664,78.5199966430664,76.4800033569336,77.7300033569336,33462100,77.7300033569336
646,2014-12-12,77.16000366210938,78.87999725341797,77.0199966430664,77.83000183105469,28091600,77.83000183105469
647,2014-12-15,78.45999908447266,78.58000183105469,76.55999755859375,76.98999786376953,29396500,76.98999786376953
648,2014-12-16,76.19000244140625,77.38999938964844,74.58999633789062,74.69000244140625,31554600,74.69000244140625
649,2014-12-17,75.01000213623047,76.41000366210938,74.9000015258789,76.11000061035156,29203900,76.11000061035156
650,2014-12-18,76.88999938964844,78.4000015258789,76.51000213623047,78.4000015258789,34222100,78.4000015258789
651,2014-12-19,78.75,80.0,78.33000183105469,79.87999725341797,43335000,79.87999725341797
652,2014-12-22,80.08000183105469,81.88999938964844,80.0,81.44999694824219,31395800,81.44999694824219
653,2014-12-23,82.0199966430664,82.16999816894531,80.4000015258789,80.61000061035156,19865800,80.61000061035156
654,2014-12-24,81.02999877929688,81.43000030517578,80.75,80.7699966430664,7685500,80.7699966430664
655,2014-12-26,81.0199966430664,81.27999877929688,80.51000213623047,80.77999877929688,10647400,80.77999877929688
656,2014-12-29,80.48999786376953,80.95999908447266,79.70999908447266,80.0199966430664,14134700,80.0199966430664
657,2014-12-30,79.8499984741211,80.58999633789062,79.0999984741211,79.22000122070312,14370800,79.22000122070312
658,2014-12-31,79.54000091552734,79.80000305175781,77.86000061035156,78.0199966430664,19935400,78.0199966430664
659,2015-01-02,78.58000183105469,78.93000030517578,77.69999694824219,78.44999694824219,18177500,78.44999694824219
660,2015-01-05,77.9800033569336,79.25,76.86000061035156,77.19000244140625,26452200,77.19000244140625
661,2015-01-06,77.2300033569336,77.58999633789062,75.36000061035156,76.1500015258789,27399300,76.1500015258789
662,2015-01-07,76.76000213623047,77.36000061035156,75.81999969482422,76.1500015258789,22045300,76.1500015258789
663,2015-01-08,76.73999786376953,78.2300033569336,76.08000183105469,78.18000030517578,23961000,78.18000030517578
664,2015-01-09,78.19999694824219,78.62000274658203,77.19999694824219,77.73999786376953,21157000,77.73999786376953
665,2015-01-12,77.83999633789062,78.0,76.20999908447266,76.72000122070312,19190200,76.72000122070312
666,2015-01-13,77.2300033569336,78.08000183105469,75.8499984741211,76.44999694824219,25179600,76.44999694824219
667,2015-01-14,76.41999816894531,77.19999694824219,76.02999877929688,76.27999877929688,25918600,76.27999877929688
668,2015-01-15,76.4000015258789,76.56999969482422,73.54000091552734,74.05000305175781,34134000,74.05000305175781
669,2015-01-16,74.04000091552734,75.31999969482422,73.83999633789062,75.18000030517578,21791500,75.18000030517578
670,2015-01-20,75.72000122070312,76.30999755859375,74.81999969482422,76.23999786376953,22821600,76.23999786376953
671,2015-01-21,76.16000366210938,77.30000305175781,75.8499984741211,76.73999786376953,25096700,76.73999786376953
672,2015-01-22,77.16999816894531,77.75,76.68000030517578,77.6500015258789,19519500,77.6500015258789
673,2015-01-23,77.6500015258789,78.19000244140625,77.04000091552734,77.83000183105469,16746500,77.83000183105469
674,2015-01-26,77.9800033569336,78.47000122070312,77.29000091552734,77.5,19260800,77.5
675,2015-01-27,76.70999908447266,76.87999725341797,75.62999725341797,75.77999877929688,20110000,75.77999877929688
676,2015-01-28,76.9000015258789,77.63999938964844,76.0,76.23999786376953,53306400,76.23999786376953
677,2015-01-29,76.8499984741211,78.0199966430664,74.20999908447266,78.0,61293500,78.0
678,2015-01-30,78.0,78.16000366210938,75.75,75.91000366210938,42649500,75.91000366210938
679,2015-02-02,76.11000061035156,76.13999938964844,73.75,74.98999786376953,41955300,74.98999786376953
680,2015-02-03,75.19000244140625,75.58000183105469,73.86000061035156,75.4000015258789,26957700,75.4000015258789
681,2015-02-04,75.08999633789062,76.3499984741211,75.01000213623047,75.62999725341797,20277400,75.62999725341797
682,2015-02-05,75.70999908447266,75.9800033569336,75.20999908447266,75.61000061035156,15062600,75.61000061035156
683,2015-02-06,75.68000030517578,75.69999694824219,74.25,74.47000122070312,21211000,74.47000122070312
684,2015-02-09,74.05000305175781,74.83000183105469,73.44999694824219,74.44000244140625,16194300,74.44000244140625
685,2015-02-10,74.8499984741211,75.33999633789062,74.5,75.19000244140625,15811300,75.19000244140625
686,2015-02-11,75.08999633789062,76.75,75.02999877929688,76.51000213623047,20877400,76.51000213623047
687,2015-02-12,76.86000061035156,76.87000274658203,75.88999938964844,76.2300033569336,17235000,76.2300033569336
688,2015-02-13,76.45999908447266,76.4800033569336,75.5,75.73999786376953,18621900,75.73999786376953
689,2015-02-17,75.30000305175781,76.91000366210938,75.08000183105469,75.5999984741211,25254400,75.5999984741211
690,2015-02-18,75.94000244140625,76.9000015258789,75.44999694824219,76.70999908447266,22426400,76.70999908447266
